strategy,churn_rate,seed,n_nodes,n_shards,ticks,n_queries,success_rate,throughput_per_tick,mean_cost,p90_cost,total_control_cost,control_overhead_ratio,n_disruptions,mean_recovery_ticks,n_never_recovered,arm,trial
static_centralized,0.2,63394,14,10,400,2914,0.2608098833218943,1.9,16.40240112251214,32.52447517112209,0.0,0.0,36,0.17142857142857143,1,node_death,0
static_centralized,0.2,313665,14,10,400,2806,0.6528866714183892,4.58,17.37983794953124,32.87326337423793,0.0,0.0,43,0.6511627906976745,0,node_death,1
static_centralized,0.2,182017,14,10,400,2795,0.21574239713774598,1.5075,12.01682341771079,26.210239668428066,0.0,0.0,41,2.268292682926829,0,node_death,2
static_centralized,0.2,144730,14,10,400,2710,0.7586715867158672,5.14,17.14564866593131,32.60927169716828,0.0,0.0,33,0.0,0,node_death,3
static_centralized,0.2,802553,14,10,400,2863,0.6437303527768076,4.6075,14.399650579785272,26.731831604809226,0.0,0.0,39,0.0,1,node_death,4
static_centralized,0.2,508834,14,10,400,2865,0.30157068062827225,2.16,15.409229095603742,27.94623419107583,0.0,0.0,47,4.534883720930233,3,node_death,5
static_centralized,0.2,375698,14,10,400,2912,0.48729395604395603,3.5475,23.555114270620702,45.72466566544152,0.0,0.0,46,6.434782608695652,0,node_death,6
static_centralized,0.2,428958,14,10,400,2782,0.5100647016534867,3.5475,20.192804985330206,35.75266044225242,0.0,0.0,37,0.3333333333333333,1,node_death,7
static_centralized,0.2,51938,14,10,400,2771,0.53915553951642,3.735,15.624514394063333,26.096980334746988,0.0,0.0,41,1.025,1,node_death,8
static_centralized,0.2,673680,14,10,400,2887,0.34049186006234844,2.4575,20.41020562273088,33.719714821854154,0.0,0.0,45,0.5476190476190477,3,node_death,9
static_centralized,0.2,50698,14,10,400,2732,0.09882869692532943,0.675,13.542209278711583,31.90239584110839,0.0,0.0,42,2.8333333333333335,0,node_death,10
static_centralized,0.2,892044,14,10,400,2810,0.29644128113879004,2.0825,18.67763182683108,38.22267885063462,0.0,0.0,43,4.7073170731707314,2,node_death,11
static_centralized,0.2,445267,14,10,400,2759,0.6480608916274012,4.47,16.365661882643934,27.505702136792866,0.0,0.0,34,0.0,0,node_death,12
static_centralized,0.2,760378,14,10,400,2749,0.07711895234630775,0.53,18.15378355031657,39.330574998066595,0.0,0.0,41,4.025,0,node_death,13
static_centralized,0.2,876382,14,10,400,2824,0.728399433427762,5.1425,19.71868109480375,31.697457175395247,0.0,0.0,41,0.0,0,node_death,14
static_centralized,0.2,13434,14,10,400,2801,0.3520171367368797,2.465,14.528046249118383,29.546694406694222,0.0,0.0,39,3.5789473684210527,0,node_death,15
static_centralized,0.2,942274,14,10,400,2824,0.18732294617563738,1.3225,14.300984044897458,26.366742002046678,0.0,0.0,49,2.9555555555555557,3,node_death,16
static_centralized,0.2,103921,14,10,400,2845,0.5367311072056239,3.8175,19.72094265689608,37.90490355825346,0.0,0.0,47,6.659090909090909,3,node_death,17
static_centralized,0.2,444924,14,10,400,2759,0.7847046031170714,5.4125,21.480435186679934,35.81814516280251,0.0,0.0,35,0.4,0,node_death,18
static_centralized,0.2,240129,14,10,400,2823,0.7300743889479278,5.1525,21.050742608511115,35.51636674087831,0.0,0.0,31,0.0,0,node_death,19
static_centralized,0.2,155980,14,10,400,2729,0.564309270795163,3.85,16.529099065812257,27.63497459298164,0.0,0.0,31,1.4193548387096775,0,node_revival,0
static_centralized,0.2,146017,14,10,400,2837,0.29784984138174125,2.1125,13.228974434224599,24.48513380731318,0.0,0.0,52,4.326923076923077,0,node_revival,1
static_centralized,0.2,145896,14,10,400,2859,0.2721231199720182,1.945,14.442285102300868,27.3505828176505,0.0,0.0,41,1.8780487804878048,0,node_revival,2
static_centralized,0.2,707536,14,10,400,2853,0.647739221871714,4.62,19.69555882487933,32.2836719517341,0.0,0.0,37,0.05555555555555555,1,node_revival,3
static_centralized,0.2,207984,14,10,400,2730,0.552014652014652,3.7675,17.067596300941197,30.403232979591273,0.0,0.0,46,0.08695652173913043,0,node_revival,4
static_centralized,0.2,773026,14,10,400,2800,0.22428571428571428,1.57,13.961696315506265,30.23325636467067,0.0,0.0,37,2.638888888888889,0,node_revival,5
static_centralized,0.2,728785,14,10,400,2769,0.4145901047309498,2.87,15.388915046058209,29.305488495133005,0.0,0.0,39,0.6410256410256411,0,node_revival,6
static_centralized,0.2,917873,14,10,400,2761,0.4045635639261137,2.7925,17.530443156417135,35.054139413893935,0.0,0.0,52,1.0196078431372548,1,node_revival,7
static_centralized,0.2,961910,14,10,400,2886,0.5467775467775468,3.945,14.869785371302218,30.269744361609373,0.0,0.0,31,0.0,2,node_revival,8
static_centralized,0.2,550542,14,10,400,2801,0.7275972866833273,5.095,18.60004664502954,32.11686751323591,0.0,0.0,32,0.25,0,node_revival,9
static_centralized,0.2,953832,14,10,400,2813,0.36935655883398505,2.5975,20.775075342012666,44.872235138634416,0.0,0.0,48,2.4347826086956523,2,node_revival,10
static_centralized,0.2,369259,14,10,400,2757,0.3895538628944505,2.685,17.05826809133831,32.09736371315328,0.0,0.0,53,0.8113207547169812,0,node_revival,11
static_centralized,0.2,47933,14,10,400,2830,0.4787985865724382,3.3875,16.493219502039743,29.290702727786822,0.0,0.0,37,2.611111111111111,1,node_revival,12
static_centralized,0.2,689395,14,10,400,2782,0.19086987778576564,1.3275,9.42446491837618,22.420895548193872,0.0,0.0,35,2.5,1,node_revival,13
static_centralized,0.2,563589,14,10,400,2806,0.4105488239486814,2.88,22.019107178158016,37.75550336647606,0.0,0.0,34,1.5294117647058822,0,node_revival,14
static_centralized,0.2,446180,14,10,400,2873,0.3438914027149321,2.47,17.893281777857027,35.89728626883211,0.0,0.0,39,3.0,1,node_revival,15
static_centralized,0.2,737432,14,10,400,2851,0.5106980007015083,3.64,25.50466969191226,46.03653855293109,0.0,0.0,32,0.71875,0,node_revival,16
static_centralized,0.2,551564,14,10,400,2838,0.6194503171247357,4.395,14.819145784420973,28.104329059603177,0.0,0.0,42,0.4523809523809524,0,node_revival,17
static_centralized,0.2,823036,14,10,400,2778,0.5842332613390929,4.0575,20.937831217557168,38.987852323929275,0.0,0.0,43,1.5116279069767442,0,node_revival,18
static_centralized,0.2,323438,14,10,400,2791,0.17054819061268361,1.19,16.96683228245339,36.002316078873584,0.0,0.0,49,1.425531914893617,2,node_revival,19
static_centralized,0.2,185664,14,10,400,2872,0.4474233983286908,3.2125,11.330117690468365,22.5816399059591,0.0,0.0,39,2.230769230769231,0,shard_migration,0
static_centralized,0.2,604351,14,10,400,2820,0.40177304964539007,2.8325,13.954428179227998,29.183439692919695,0.0,0.0,45,1.3863636363636365,0,shard_migration,1
static_centralized,0.2,742537,14,10,400,2816,0.39098011363636365,2.7525,17.827945446091036,31.3862035906959,0.0,0.0,42,1.880952380952381,0,shard_migration,2
static_centralized,0.2,257809,14,10,400,2893,0.5191842378154166,3.755,17.55396489869839,32.53926321383242,0.0,0.0,41,1.7317073170731707,0,shard_migration,3
static_centralized,0.2,496665,14,10,400,2741,0.456767603064575,3.13,16.149663469369887,30.256976200766655,0.0,0.0,46,0.6222222222222222,1,shard_migration,4
static_centralized,0.2,390417,14,10,400,2734,0.40270665691294805,2.7525,15.952624317721211,33.20509691581823,0.0,0.0,40,0.175,0,shard_migration,5
static_centralized,0.2,635935,14,10,400,2833,0.44546417225555945,3.155,16.744732050372807,31.03217598259929,0.0,0.0,41,0.7317073170731707,0,shard_migration,6
static_centralized,0.2,17436,14,10,400,2912,0.36572802197802196,2.6625,15.313241557701337,30.207811907729422,0.0,0.0,41,0.4146341463414634,0,shard_migration,7
static_centralized,0.2,864884,14,10,400,2793,0.4078052273540995,2.8475,11.518476629838755,21.72855987118109,0.0,0.0,45,2.111111111111111,0,shard_migration,8
static_centralized,0.2,638224,14,10,400,2818,0.3910574875798439,2.755,14.803558639728758,34.65654839250007,0.0,0.0,43,0.21428571428571427,1,shard_migration,9
static_centralized,0.2,845731,14,10,400,2750,0.37345454545454543,2.5675,13.469613997089775,28.874101434379646,0.0,0.0,51,0.5294117647058824,0,shard_migration,10
static_centralized,0.2,129711,14,10,400,2804,0.42653352353780316,2.99,15.713675074038882,30.207900669477752,0.0,0.0,30,0.06896551724137931,1,shard_migration,11
static_centralized,0.2,585949,14,10,400,2688,0.35342261904761907,2.375,16.87495483463169,34.32080069952975,0.0,0.0,34,0.3939393939393939,0,shard_migration,12
static_centralized,0.2,423259,14,10,400,2855,0.2844133099824869,2.03,12.486139102712036,27.801917001221007,0.0,0.0,39,0.7692307692307693,0,shard_migration,13
static_centralized,0.2,871206,14,10,400,2776,0.4953170028818444,3.4375,15.81988668660583,28.378441366516423,0.0,0.0,40,0.0,0,shard_migration,14
static_centralized,0.2,25638,14,10,400,2850,0.43473684210526314,3.0975,13.593066900801128,26.78552361988809,0.0,0.0,37,1.5945945945945945,0,shard_migration,15
static_centralized,0.2,874288,14,10,400,2754,0.4262890341321714,2.935,11.35311222806317,21.64028662886691,0.0,0.0,51,0.0784313725490196,0,shard_migration,16
static_centralized,0.2,83627,14,10,400,2902,0.45899379738111645,3.33,16.21939615255347,31.539621586388822,0.0,0.0,35,0.08823529411764706,0,shard_migration,17
static_centralized,0.2,812014,14,10,400,2835,0.2948853615520282,2.09,20.17732683331323,43.61925373213304,0.0,0.0,48,3.2,3,shard_migration,18
static_centralized,0.2,753317,14,10,400,2734,0.4195318215069495,2.8675,12.890723257671016,27.07227145078169,0.0,0.0,48,0.08333333333333333,0,shard_migration,19
static_centralized,0.2,228645,14,10,400,2700,1.0,6.75,40.24009913903365,71.6175141470304,0.0,0.0,45,0.28888888888888886,0,latency_shift,0
static_centralized,0.2,122839,14,10,400,2855,1.0,7.1375,22.158235124157148,40.982786553740866,0.0,0.0,30,0.0,0,latency_shift,1
static_centralized,0.2,614500,14,10,400,2795,1.0,6.9875,35.97114379512646,76.00456663028822,0.0,0.0,44,0.13953488372093023,1,latency_shift,2
static_centralized,0.2,716261,14,10,400,2771,1.0,6.9275,28.039472844611975,63.2553074871991,0.0,0.0,35,1.8571428571428572,0,latency_shift,3
static_centralized,0.2,607692,14,10,400,2774,1.0,6.935,62.66613021434636,125.90476177366591,0.0,0.0,34,0.24242424242424243,1,latency_shift,4
static_centralized,0.2,10949,14,10,400,2726,1.0,6.815,29.850166588566708,50.99043092529885,0.0,0.0,34,0.0,0,latency_shift,5
static_centralized,0.2,873131,14,10,400,2790,1.0,6.975,37.39324694773521,76.51259331676967,0.0,0.0,34,0.0,0,latency_shift,6
static_centralized,0.2,218606,14,10,400,2819,1.0,7.0475,50.86513953069205,234.7491266439513,0.0,0.0,35,0.30303030303030304,2,latency_shift,7
static_centralized,0.2,609598,14,10,400,2861,1.0,7.1525,29.14820169509329,55.020727808541274,0.0,0.0,27,0.0,0,latency_shift,8
static_centralized,0.2,71655,14,10,400,2725,1.0,6.8125,33.500828201231265,59.00911099857822,0.0,0.0,32,0.125,0,latency_shift,9
static_centralized,0.2,224083,14,10,400,2848,1.0,7.12,46.21515962003319,98.53252150237662,0.0,0.0,53,0.058823529411764705,2,latency_shift,10
static_centralized,0.2,977176,14,10,400,2849,1.0,7.1225,34.67600278448851,46.775601151480224,0.0,0.0,35,7.0,0,latency_shift,11
static_centralized,0.2,656724,14,10,400,2797,1.0,6.9925,35.52011029018453,63.75981763199534,0.0,0.0,38,0.0,0,latency_shift,12
static_centralized,0.2,904357,14,10,400,2802,1.0,7.005,60.96729844776009,79.87715672858756,0.0,0.0,36,0.9375,4,latency_shift,13
static_centralized,0.2,208031,14,10,400,2861,1.0,7.1525,38.01630789096493,78.17326214625238,0.0,0.0,43,0.09302325581395349,0,latency_shift,14
static_centralized,0.2,661861,14,10,400,2838,1.0,7.095,38.35116311932087,85.83267935349829,0.0,0.0,32,2.1481481481481484,5,latency_shift,15
static_centralized,0.2,655252,14,10,400,2745,1.0,6.8625,29.34183987510375,53.677827360748594,0.0,0.0,45,0.06666666666666667,0,latency_shift,16
static_centralized,0.2,126077,14,10,400,2775,1.0,6.9375,39.04848456803187,81.86373355348604,0.0,0.0,45,0.3409090909090909,1,latency_shift,17
static_centralized,0.2,188576,14,10,400,2847,1.0,7.1175,33.734786409192246,95.85536131974897,0.0,0.0,43,1.0238095238095237,1,latency_shift,18
static_centralized,0.2,278022,14,10,400,2790,1.0,6.975,39.47664594092535,72.1506022990175,0.0,0.0,44,0.024390243902439025,3,latency_shift,19
static_centralized,0.2,574555,14,10,400,2711,1.0,6.7775,20.172372588657197,32.12987593810344,0.0,0.0,35,0.0,1,workload_shift,0
static_centralized,0.2,415464,14,10,400,2818,1.0,7.045,16.098945857253437,27.54729454954808,0.0,0.0,33,0.0,0,workload_shift,1
static_centralized,0.2,278642,14,10,400,2875,1.0,7.1875,21.462372576638824,36.53329365623527,0.0,0.0,36,0.0,0,workload_shift,2
static_centralized,0.2,270156,14,10,400,2852,1.0,7.13,15.965298088609076,27.162141385153596,0.0,0.0,32,0.0,0,workload_shift,3
static_centralized,0.2,393044,14,10,400,2914,1.0,7.285,22.17601290613337,35.71613075164448,0.0,0.0,36,0.0,0,workload_shift,4
static_centralized,0.2,958617,14,10,400,2759,1.0,6.8975,23.463485644897677,40.76856435570873,0.0,0.0,41,0.0,0,workload_shift,5
static_centralized,0.2,542895,14,10,400,2789,1.0,6.9725,19.9210026232814,32.98873731826116,0.0,0.0,55,0.0,0,workload_shift,6
static_centralized,0.2,74142,14,10,400,2888,1.0,7.22,23.168973490028364,37.049121807707195,0.0,0.0,35,0.0,0,workload_shift,7
static_centralized,0.2,730517,14,10,400,2802,1.0,7.005,16.13094649844999,27.803215615301845,0.0,0.0,42,0.0,0,workload_shift,8
static_centralized,0.2,73679,14,10,400,2731,1.0,6.8275,24.480382645286266,45.68177409346053,0.0,0.0,46,0.0,0,workload_shift,9
static_centralized,0.2,402267,14,10,400,2740,1.0,6.85,12.269934996106754,20.02297258456838,0.0,0.0,40,0.0,0,workload_shift,10
static_centralized,0.2,964182,14,10,400,2903,1.0,7.2575,16.910916317264345,28.674196903615684,0.0,0.0,40,0.0,0,workload_shift,11
static_centralized,0.2,482693,14,10,400,2850,1.0,7.125,17.204273703362976,28.413832572071648,0.0,0.0,38,0.0,0,workload_shift,12
static_centralized,0.2,51086,14,10,400,2745,1.0,6.8625,17.857674489654304,31.717019689012673,0.0,0.0,42,0.0,0,workload_shift,13
static_centralized,0.2,683206,14,10,400,2728,1.0,6.82,25.308005024882338,43.47416487347356,0.0,0.0,37,0.0,0,workload_shift,14
static_centralized,0.2,393693,14,10,400,2767,1.0,6.9175,22.53012204543285,41.13842694776495,0.0,0.0,44,0.0,0,workload_shift,15
static_centralized,0.2,436581,14,10,400,2781,1.0,6.9525,28.25835066555575,48.811688409227564,0.0,0.0,42,0.0,0,workload_shift,16
static_centralized,0.2,357212,14,10,400,2863,1.0,7.1575,16.589935733673812,25.234779323499193,0.0,0.0,34,0.0,0,workload_shift,17
static_centralized,0.2,158874,14,10,400,2751,1.0,6.8775,17.698497028929253,28.062200604221985,0.0,0.0,38,0.0,0,workload_shift,18
static_centralized,0.2,980702,14,10,400,2859,1.0,7.1475,21.783171290021077,39.538469401146536,0.0,0.0,42,0.0,0,workload_shift,19
static_centralized,0.3,36129,14,10,400,2769,0.15673528349584687,1.085,16.054893199195018,33.708479165908315,0.0,0.0,58,2.896551724137931,0,node_death,0
static_centralized,0.3,827306,14,10,400,2693,0.40438173041217973,2.7225,12.567440437954396,24.01532226572518,0.0,0.0,58,1.1896551724137931,0,node_death,1
static_centralized,0.3,597061,14,10,400,2789,0.5363929723915382,3.74,21.379503911166054,40.22269397018764,0.0,0.0,52,11.448979591836734,3,node_death,2
static_centralized,0.3,794991,14,10,400,2783,0.3938196191160618,2.74,18.372124615941875,33.626026360792224,0.0,0.0,56,0.875,0,node_death,3
static_centralized,0.3,275308,14,10,400,2763,0.501628664495114,3.465,14.312739275798235,24.920652067142683,0.0,0.0,57,1.7037037037037037,2,node_death,4
static_centralized,0.3,345714,14,10,400,2790,0.2014336917562724,1.405,15.094774970725553,33.449232685941446,0.0,0.0,61,3.3666666666666667,0,node_death,5
static_centralized,0.3,107278,14,10,400,2799,0.6341550553769203,4.4375,16.155748222013955,26.89185483956204,0.0,0.0,52,0.07692307692307693,0,node_death,6
static_centralized,0.3,513920,14,10,400,2821,0.6809641970932293,4.8025,14.964883694540301,27.235671407334472,0.0,0.0,58,0.10344827586206896,0,node_death,7
static_centralized,0.3,523612,14,10,400,2872,0.19289693593314763,1.385,20.330115328871166,41.66554302659951,0.0,0.0,52,4.94,1,node_death,8
static_centralized,0.3,180896,14,10,400,2839,0.13561113067981684,0.9625,13.613824521222355,27.54625737388426,0.0,0.0,68,2.4262295081967213,7,node_death,9
static_centralized,0.3,127275,14,10,400,2804,0.2582025677603424,1.81,12.262660846158923,24.63587530516032,0.0,0.0,59,5.446428571428571,3,node_death,10
static_centralized,0.3,574930,14,10,400,2773,0.21168409664623153,1.4675,16.259948907627297,29.77809347197469,0.0,0.0,72,3.861111111111111,0,node_death,11
static_centralized,0.3,764505,14,10,400,2721,0.6093348033811099,4.145,16.85092297867733,30.405259916285743,0.0,0.0,52,3.0784313725490198,1,node_death,12
static_centralized,0.3,700005,14,10,400,2817,0.5882144124955626,4.1425,21.22036576785523,37.93493912464729,0.0,0.0,52,1.5,0,node_death,13
static_centralized,0.3,480149,14,10,400,2828,0.16195190947666196,1.145,9.971587226663718,22.565030416668257,0.0,0.0,60,1.4166666666666667,0,node_death,14
static_centralized,0.3,623456,14,10,400,2766,0.31923355025307304,2.2075,23.45708612097265,49.64164915762648,0.0,0.0,45,3.2045454545454546,0,node_death,15
static_centralized,0.3,66018,14,10,400,2794,0.4455977093772369,3.1125,18.092637171430326,32.74982259544848,0.0,0.0,56,1.1785714285714286,0,node_death,16
static_centralized,0.3,656365,14,10,400,2781,0.6785329018338727,4.7175,14.299675518440914,25.835407691809813,0.0,0.0,54,0.0,0,node_death,17
static_centralized,0.3,647315,14,10,400,2771,0.6661854926019487,4.615,18.48247447589092,31.52088547568154,0.0,0.0,59,0.1896551724137931,1,node_death,18
static_centralized,0.3,279788,14,10,400,2813,0.6160682545325276,4.3325,17.505864741097053,30.726771334485363,0.0,0.0,50,0.96,0,node_death,19
static_centralized,0.3,383540,14,10,400,2813,0.1052257376466406,0.74,15.123620898375748,34.06830763798129,0.0,0.0,68,5.2835820895522385,0,node_revival,0
static_centralized,0.3,691670,14,10,400,2811,0.6357168267520455,4.4675,26.374194559053773,48.18182859753587,0.0,0.0,47,0.045454545454545456,2,node_revival,1
static_centralized,0.3,219616,14,10,400,2837,0.23334508283397956,1.655,16.641798082397056,30.348387112311983,0.0,0.0,66,3.803030303030303,0,node_revival,2
static_centralized,0.3,820744,14,10,400,2778,0.6061915046796257,4.21,15.023366948530494,25.705147332994038,0.0,0.0,55,1.2363636363636363,0,node_revival,3
static_centralized,0.3,899021,14,10,400,2815,0.34458259325044405,2.425,10.840375377155244,20.4782517506209,0.0,0.0,59,0.9830508474576272,0,node_revival,4
static_centralized,0.3,618526,14,10,400,2874,0.12317327766179541,0.885,16.563740299112393,32.10406296374596,0.0,0.0,60,2.7966101694915255,1,node_revival,5
static_centralized,0.3,944184,14,10,400,2783,0.8099173553719008,5.635,19.920497970087172,32.020878853250075,0.0,0.0,40,0.075,0,node_revival,6
static_centralized,0.3,902232,14,10,400,2793,0.3820264948084497,2.6675,11.923016761966675,24.981856853409933,0.0,0.0,61,2.0166666666666666,0,node_revival,7
static_centralized,0.3,360380,14,10,400,2757,0.3224519405150526,2.2225,9.910410245357516,21.68551290211505,0.0,0.0,65,1.5833333333333333,5,node_revival,8
static_centralized,0.3,268511,14,10,400,2797,0.47908473364318915,3.35,12.696173313791258,23.420395419963764,0.0,0.0,55,1.7647058823529411,3,node_revival,9
static_centralized,0.3,51300,14,10,400,2742,0.14952589350838805,1.025,18.696667232149135,34.389809484599084,0.0,0.0,63,4.258064516129032,1,node_revival,10
static_centralized,0.3,726292,14,10,400,2763,0.20304017372421282,1.4025,18.081163999478843,42.189406929475716,0.0,0.0,58,7.0344827586206895,0,node_revival,11
static_centralized,0.3,181288,14,10,400,2869,0.2056465667479958,1.475,16.780690904491486,30.58684283703154,0.0,0.0,54,1.6296296296296295,0,node_revival,12
static_centralized,0.3,816067,14,10,400,2888,0.4297091412742382,3.1025,15.290031878585841,29.718765951082776,0.0,0.0,53,0.6346153846153846,1,node_revival,13
static_centralized,0.3,974628,14,10,400,2678,0.2931292008961912,1.9625,13.84951848920613,26.419216333366688,0.0,0.0,64,3.9206349206349205,1,node_revival,14
static_centralized,0.3,276978,14,10,400,2797,0.754022166607079,5.2725,19.43240384014862,33.5960084059954,0.0,0.0,56,0.0,0,node_revival,15
static_centralized,0.3,829126,14,10,400,2779,0.38287153652392947,2.66,17.64292705986909,35.40892090732361,0.0,0.0,63,4.7368421052631575,6,node_revival,16
static_centralized,0.3,395134,14,10,400,2717,0.40375414059624587,2.7425,13.912153706997989,25.134281197215387,0.0,0.0,48,7.787234042553192,1,node_revival,17
static_centralized,0.3,3792,14,10,400,2793,0.27604726100966703,1.9275,14.521795509480238,27.262463891681193,0.0,0.0,53,0.20754716981132076,0,node_revival,18
static_centralized,0.3,883714,14,10,400,2780,0.5345323741007194,3.715,13.078386751972863,23.416926279376398,0.0,0.0,63,0.3333333333333333,0,node_revival,19
static_centralized,0.3,622138,14,10,400,2741,0.4133527909522072,2.8325,18.009881707649086,34.7533274361635,0.0,0.0,51,0.3333333333333333,0,shard_migration,0
static_centralized,0.3,378603,14,10,400,2858,0.4184744576627012,2.99,12.579947502565933,27.136921171027797,0.0,0.0,53,0.58,3,shard_migration,1
static_centralized,0.3,48682,14,10,400,2802,0.3037116345467523,2.1275,13.74745289442291,29.546498248617084,0.0,0.0,61,2.1639344262295084,0,shard_migration,2
static_centralized,0.3,87488,14,10,400,2790,0.35376344086021505,2.4675,16.403591145220986,36.977416856786064,0.0,0.0,54,3.8823529411764706,3,shard_migration,3
static_centralized,0.3,923741,14,10,400,2716,0.3015463917525773,2.0475,14.29160463235073,32.064418693482196,0.0,0.0,67,1.4696969696969697,0,shard_migration,4
static_centralized,0.3,379019,14,10,400,2756,0.37989840348330917,2.6175,14.158771052150927,32.0500632905719,0.0,0.0,60,2.473684210526316,3,shard_migration,5
static_centralized,0.3,21807,14,10,400,2787,0.2924291352709006,2.0375,10.38724918416203,20.60017105501766,0.0,0.0,72,2.8194444444444446,0,shard_migration,6
static_centralized,0.3,959387,14,10,400,2851,0.35671694142406174,2.5425,11.530466339688981,24.15332489327052,0.0,0.0,55,0.35185185185185186,1,shard_migration,7
static_centralized,0.3,879458,14,10,400,2802,0.3882940756602427,2.72,16.982987485842873,31.878155946080042,0.0,0.0,57,0.7192982456140351,0,shard_migration,8
static_centralized,0.3,904199,14,10,400,2862,0.3249475890985325,2.325,11.259982886524801,24.816820817617014,0.0,0.0,48,0.46808510638297873,1,shard_migration,9
static_centralized,0.3,791144,14,10,400,2958,0.3269100743745774,2.4175,12.414303934796346,26.680411747533523,0.0,0.0,68,6.313432835820896,0,shard_migration,10
static_centralized,0.3,36636,14,10,400,2799,0.4405144694533762,3.0825,15.942583748247795,29.57098681182437,0.0,0.0,56,0.41509433962264153,3,shard_migration,11
static_centralized,0.3,474638,14,10,400,2806,0.32679971489665005,2.2925,14.331234042156657,30.264178564786523,0.0,0.0,50,1.9387755102040816,1,shard_migration,12
static_centralized,0.3,301227,14,10,400,2773,0.3732419761990624,2.5875,14.579065885391138,31.571671446873488,0.0,0.0,57,0.2830188679245283,4,shard_migration,13
static_centralized,0.3,380644,14,10,400,2800,0.3796428571428571,2.6575,15.756027768626351,34.532268351691876,0.0,0.0,54,0.0,1,shard_migration,14
static_centralized,0.3,296480,14,10,400,2768,0.28648843930635837,1.9825,13.731947208390446,29.361968087985982,0.0,0.0,64,1.1428571428571428,1,shard_migration,15
static_centralized,0.3,812467,14,10,400,2825,0.31504424778761064,2.225,10.387473882896364,20.890749694213525,0.0,0.0,53,1.0784313725490196,2,shard_migration,16
static_centralized,0.3,449414,14,10,400,2934,0.40115882753919563,2.9425,18.21216559967763,37.12356152162667,0.0,0.0,56,0.2909090909090909,1,shard_migration,17
static_centralized,0.3,734624,14,10,400,2759,0.42297934034070317,2.9175,11.576522053857836,23.12721346344028,0.0,0.0,50,3.1458333333333335,2,shard_migration,18
static_centralized,0.3,276895,14,10,400,2743,0.5264309150565075,3.61,15.971161619742773,30.949113636595577,0.0,0.0,54,0.05660377358490566,0,shard_migration,19
static_centralized,0.3,662677,14,10,400,2872,1.0,7.18,73.30487170464477,185.57210403763796,0.0,0.0,68,0.4576271186440678,9,latency_shift,0
static_centralized,0.3,431359,14,10,400,2679,1.0,6.6975,39.89403344763027,88.50069335733536,0.0,0.0,62,1.7096774193548387,0,latency_shift,1
static_centralized,0.3,246961,14,10,400,2843,1.0,7.1075,47.82738929433897,127.55585327233388,0.0,0.0,61,0.7758620689655172,3,latency_shift,2
static_centralized,0.3,592380,14,10,400,2735,1.0,6.8375,43.242481247782635,81.6679921775793,0.0,0.0,51,0.0,0,latency_shift,3
static_centralized,0.3,307347,14,10,400,2706,1.0,6.765,65.74980313803594,85.90288168784535,0.0,0.0,59,0.21052631578947367,2,latency_shift,4
static_centralized,0.3,597032,14,10,400,2854,1.0,7.135,80.25612294216201,244.43560970945828,0.0,0.0,52,0.0,3,latency_shift,5
static_centralized,0.3,613509,14,10,400,2840,1.0,7.1,46.46266483649488,105.47623760149224,0.0,0.0,67,0.13432835820895522,0,latency_shift,6
static_centralized,0.3,836545,14,10,400,2832,1.0,7.08,42.0351715627895,83.69149126990114,0.0,0.0,55,0.1111111111111111,1,latency_shift,7
static_centralized,0.3,814491,14,10,400,2722,1.0,6.805,36.87935520684199,77.48786865021361,0.0,0.0,62,4.5,0,latency_shift,8
static_centralized,0.3,423445,14,10,400,2802,1.0,7.005,31.481469204087436,62.537478009227165,0.0,0.0,45,0.5365853658536586,4,latency_shift,9
static_centralized,0.3,992619,14,10,400,2872,1.0,7.18,48.29998854893159,88.00447994553375,0.0,0.0,65,0.08620689655172414,6,latency_shift,10
static_centralized,0.3,191087,14,10,400,2784,1.0,6.96,45.701931853818316,94.07470902065268,0.0,0.0,58,1.5272727272727273,3,latency_shift,11
static_centralized,0.3,533786,14,10,400,2841,1.0,7.1025,126.92320536632948,145.90240551857198,0.0,0.0,59,0.4909090909090909,4,latency_shift,12
static_centralized,0.3,746732,14,10,400,2793,1.0,6.9825,79.85716399861823,175.68617577931897,0.0,0.0,58,0.34615384615384615,6,latency_shift,13
static_centralized,0.3,31728,14,10,400,2917,1.0,7.2925,46.29528689940877,104.09583476150867,0.0,0.0,43,0.18604651162790697,0,latency_shift,14
static_centralized,0.3,172399,14,10,400,2809,1.0,7.0225,82.35501275014133,196.86356301829375,0.0,0.0,61,0.5084745762711864,2,latency_shift,15
static_centralized,0.3,43407,14,10,400,2898,1.0,7.245,36.96519983231343,71.28618971569782,0.0,0.0,58,1.3888888888888888,4,latency_shift,16
static_centralized,0.3,478736,14,10,400,2689,1.0,6.7225,19.71891680716708,39.65435108181728,0.0,0.0,53,0.3269230769230769,0,latency_shift,17
static_centralized,0.3,82943,14,10,400,2778,1.0,6.945,35.168808944019894,77.56160676879692,0.0,0.0,53,0.7,2,latency_shift,18
static_centralized,0.3,30524,14,10,400,2798,1.0,6.995,48.58818857474319,129.33551633641738,0.0,0.0,66,2.621212121212121,0,latency_shift,19
static_centralized,0.3,559071,14,10,400,2747,1.0,6.8675,15.247736560587194,27.595449143591303,0.0,0.0,54,0.0,0,workload_shift,0
static_centralized,0.3,839749,14,10,400,2746,1.0,6.865,22.764563163355042,44.77151046891555,0.0,0.0,56,0.0,0,workload_shift,1
static_centralized,0.3,293290,14,10,400,2896,1.0,7.24,20.74275596169289,42.355556573208624,0.0,0.0,53,0.0,0,workload_shift,2
static_centralized,0.3,4234,14,10,400,2804,1.0,7.01,15.06757360355075,25.709606919785664,0.0,0.0,51,0.0,0,workload_shift,3
static_centralized,0.3,624393,14,10,400,2821,1.0,7.0525,14.172146541339426,24.31542851109013,0.0,0.0,45,0.0,0,workload_shift,4
static_centralized,0.3,77003,14,10,400,2781,1.0,6.9525,15.116305142710468,27.399975031460585,0.0,0.0,65,0.015625,0,workload_shift,5
static_centralized,0.3,893711,14,10,400,2793,1.0,6.9825,20.94483177175734,38.54685356036455,0.0,0.0,73,0.0,0,workload_shift,6
static_centralized,0.3,871813,14,10,400,2776,1.0,6.94,19.18745309435591,32.7249679502677,0.0,0.0,41,0.0,0,workload_shift,7
static_centralized,0.3,856248,14,10,400,2801,1.0,7.0025,22.888079939124967,37.16932548569791,0.0,0.0,65,0.0,0,workload_shift,8
static_centralized,0.3,600828,14,10,400,2787,1.0,6.9675,16.770102600428892,27.237243458522567,0.0,0.0,55,0.0,0,workload_shift,9
static_centralized,0.3,636129,14,10,400,2783,1.0,6.9575,19.88205791405049,30.510931681098153,0.0,0.0,55,0.0,0,workload_shift,10
static_centralized,0.3,767324,14,10,400,2796,1.0,6.99,17.710786539252698,28.75370964879825,0.0,0.0,55,0.0,0,workload_shift,11
static_centralized,0.3,357356,14,10,400,2844,1.0,7.11,22.29481970533407,39.2162053404602,0.0,0.0,74,0.0,0,workload_shift,12
static_centralized,0.3,876005,14,10,400,2905,1.0,7.2625,25.041380841172934,47.34843205289302,0.0,0.0,55,0.0,0,workload_shift,13
static_centralized,0.3,650579,14,10,400,2776,1.0,6.94,19.686919144500266,33.805136113864464,0.0,0.0,70,0.0,0,workload_shift,14
static_centralized,0.3,622668,14,10,400,2834,1.0,7.085,29.161553094159245,54.962663373657044,0.0,0.0,69,0.0,0,workload_shift,15
static_centralized,0.3,71685,14,10,400,2865,1.0,7.1625,22.136233388288,35.38398271902937,0.0,0.0,68,0.0,0,workload_shift,16
static_centralized,0.3,960673,14,10,400,2743,1.0,6.8575,18.327044164844686,31.877050704630612,0.0,0.0,59,0.0,0,workload_shift,17
static_centralized,0.3,832458,14,10,400,2781,1.0,6.9525,19.11100815198688,34.68884514644839,0.0,0.0,45,0.0,0,workload_shift,18
static_centralized,0.3,985597,14,10,400,2963,1.0,7.4075,22.385280786910414,40.32241860186627,0.0,0.0,60,0.2,0,workload_shift,19
adaptive_centralized,0.2,863759,14,10,400,2754,0.714960058097313,4.9225,19.512775483761185,37.75799070802566,266.0,0.11901565995525727,26,0.6538461538461539,0,node_death,0
adaptive_centralized,0.2,294076,14,10,400,2732,0.32979502196193267,2.2525,22.50010393702875,44.34820647554291,266.0,0.22793487574978577,43,1.6666666666666667,1,node_death,1
adaptive_centralized,0.2,174271,14,10,400,2824,0.6997167138810199,4.94,23.782347353755764,41.13673660885967,266.0,0.11864406779661017,31,1.032258064516129,0,node_death,2
adaptive_centralized,0.2,802207,14,10,400,2708,0.7223042836041359,4.89,22.024707701711378,36.67164147961224,266.0,0.11971197119711971,27,0.8148148148148148,0,node_death,3
adaptive_centralized,0.2,971565,14,10,400,2867,0.42239274502964774,3.0275,19.559911853517907,36.83057818484771,266.0,0.18009478672985782,35,3.0,2,node_death,4
adaptive_centralized,0.2,699582,14,10,400,2815,0.6074600355239786,4.275,16.817427069294517,29.8196975671191,266.0,0.1346153846153846,32,0.59375,0,node_death,5
adaptive_centralized,0.2,456958,14,10,400,2859,0.3305351521511018,2.3625,18.194334375500127,37.10294087678435,266.0,0.21965317919075145,37,1.8529411764705883,3,node_death,6
adaptive_centralized,0.2,230961,14,10,400,2815,0.23090586145648312,1.625,15.692568788130622,34.67191059595818,266.0,0.2903930131004367,45,2.1363636363636362,0,node_death,7
adaptive_centralized,0.2,143329,14,10,400,2816,0.1708096590909091,1.2025,20.190534103737896,39.22549880948713,266.0,0.35609103078982596,38,2.1052631578947367,0,node_death,8
adaptive_centralized,0.2,6601,14,10,400,2790,0.5222222222222223,3.6425,15.230876669593426,31.404054845086044,266.0,0.1543818920487522,39,0.21052631578947367,1,node_death,9
adaptive_centralized,0.2,635286,14,10,400,2858,0.6427571728481456,4.5925,16.037221195070693,29.55833355499666,266.0,0.12648597242035187,37,0.6111111111111112,1,node_death,10
adaptive_centralized,0.2,518136,14,10,400,2803,0.7063860149839458,4.95,21.122507555389507,35.528546131479615,266.0,0.11843276936776491,33,0.18181818181818182,0,node_death,11
adaptive_centralized,0.2,407853,14,10,400,2789,0.48404446038006455,3.375,22.01879829916094,40.446263567576054,266.0,0.1646039603960396,33,0.696969696969697,0,node_death,12
adaptive_centralized,0.2,630693,14,10,400,2773,0.581319870176704,4.03,16.792038318770103,30.377063527520075,266.0,0.14164004259850904,28,0.0,0,node_death,13
adaptive_centralized,0.2,233292,14,10,400,2797,0.5498748659277798,3.845,20.316651821393584,40.20191658397475,266.0,0.14745011086474502,30,4.766666666666667,0,node_death,14
adaptive_centralized,0.2,872004,14,10,400,2778,0.28725701943844495,1.995,19.296934994435148,35.75776959425673,266.0,0.25,37,4.8,2,node_death,15
adaptive_centralized,0.2,998009,14,10,400,2642,0.25510976532929597,1.685,13.757202261519472,32.71248538139208,266.0,0.28297872340425534,38,1.868421052631579,0,node_death,16
adaptive_centralized,0.2,338592,14,10,400,2840,0.46443661971830985,3.2975,21.985764908122214,39.40662936712894,266.0,0.16782334384858044,39,7.666666666666667,0,node_death,17
adaptive_centralized,0.2,401716,14,10,400,2794,0.190050107372942,1.3275,17.111233522711856,32.91148904113485,266.0,0.3337515683814304,48,1.2916666666666667,0,node_death,18
adaptive_centralized,0.2,249080,14,10,400,2797,0.4983911333571684,3.485,16.00012387438395,29.449636398823053,266.0,0.1602409638554217,36,0.05555555555555555,0,node_death,19
adaptive_centralized,0.2,381276,14,10,400,2928,0.3620218579234973,2.65,22.49151301058943,41.42875928141202,266.0,0.20060331825037708,31,0.5161290322580645,0,node_revival,0
adaptive_centralized,0.2,251627,14,10,400,2788,0.5125538020086083,3.5725,21.744953124856554,38.74752477601323,266.0,0.15693215339233038,38,2.1578947368421053,0,node_revival,1
adaptive_centralized,0.2,155902,14,10,400,2795,0.6221824686940965,4.3475,21.49361706325881,39.802976681150035,266.0,0.13266832917705737,40,0.075,0,node_revival,2
adaptive_centralized,0.2,336543,14,10,400,2769,0.20585048754062837,1.425,15.131400126554437,28.845821763093145,266.0,0.3181818181818182,47,1.9787234042553192,0,node_revival,3
adaptive_centralized,0.2,702997,14,10,400,2791,0.6065926191329273,4.2325,21.352389678217886,36.704189177129955,266.0,0.13578356304236855,42,1.175,2,node_revival,4
adaptive_centralized,0.2,717950,14,10,400,2723,0.26147631289019463,1.78,20.183599540236674,39.40880361871376,266.0,0.2719836400817996,41,5.175,0,node_revival,5
adaptive_centralized,0.2,367612,14,10,400,2890,0.29653979238754324,2.1425,23.5822970316152,47.85147596120899,266.0,0.23686553873552982,42,4.121951219512195,1,node_revival,6
adaptive_centralized,0.2,646196,14,10,400,2772,0.2756132756132756,1.91,13.883308376264232,30.150295033760568,266.0,0.258252427184466,41,2.8974358974358974,2,node_revival,7
adaptive_centralized,0.2,120148,14,10,400,2869,0.6371558034158243,4.57,26.42982293112282,45.91683480235268,266.0,0.12702960840496658,37,1.5675675675675675,0,node_revival,8
adaptive_centralized,0.2,450573,14,10,400,2837,0.38949594642227703,2.7625,18.370254521792877,34.567490530712384,266.0,0.19401896425966447,44,0.38636363636363635,0,node_revival,9
adaptive_centralized,0.2,51872,14,10,400,2848,0.5614466292134831,3.9975,20.573051486603873,38.27943270846012,266.0,0.142627345844504,37,0.4864864864864865,0,node_revival,10
adaptive_centralized,0.2,886403,14,10,400,2888,0.5858725761772853,4.23,31.652394690175452,57.96468777283468,266.0,0.13585291113381,32,0.16666666666666666,2,node_revival,11
adaptive_centralized,0.2,25564,14,10,400,2766,0.07809110629067245,0.54,22.92020005949043,44.13656687152425,266.0,0.5518672199170125,42,1.619047619047619,0,node_revival,12
adaptive_centralized,0.2,580135,14,10,400,2815,0.5950266429840142,4.1875,20.760805180482457,37.066281864723244,266.0,0.13704276146316333,30,0.5357142857142857,2,node_revival,13
adaptive_centralized,0.2,996814,14,10,400,2708,0.5265878877400295,3.565,22.837385177284883,39.08152061146844,266.0,0.15721040189125296,39,0.8205128205128205,0,node_revival,14
adaptive_centralized,0.2,871994,14,10,400,2743,0.6693401385344513,4.59,20.4401357966141,36.26877126969943,266.0,0.12654614652711704,37,0.0,0,node_revival,15
adaptive_centralized,0.2,339017,14,10,400,2770,0.39783393501805053,2.755,21.473020381554786,38.52863631458925,266.0,0.19444444444444445,48,1.5,2,node_revival,16
adaptive_centralized,0.2,942264,14,10,400,2684,0.5916542473919523,3.97,18.650281210842582,33.499493920640454,266.0,0.14347357065803668,38,0.8378378378378378,0,node_revival,17
adaptive_centralized,0.2,366735,14,10,400,2745,0.1981785063752277,1.36,14.847102339006382,32.02985165096612,266.0,0.32839506172839505,47,3.652173913043478,1,node_revival,18
adaptive_centralized,0.2,427448,14,10,400,2798,0.5235882773409578,3.6625,20.47799740129755,38.7656181897488,266.0,0.1536683997689197,42,1.1904761904761905,0,node_revival,19
adaptive_centralized,0.2,863492,14,10,400,2751,0.9349327517266448,6.43,16.393612411864474,28.852056901169515,266.0,0.09372797744890768,32,0.0,0,shard_migration,0
adaptive_centralized,0.2,221967,14,10,400,2838,0.9341085271317829,6.6275,22.476854346974456,36.52621349080946,266.0,0.0911895783339047,29,0.0,0,shard_migration,1
adaptive_centralized,0.2,985993,14,10,400,2767,0.9306107697867727,6.4375,21.753435774198717,39.374750346377894,266.0,0.0936290038718761,26,0.0,0,shard_migration,2
adaptive_centralized,0.2,157567,14,10,400,2712,0.9192477876106194,6.2325,17.469754699567577,31.202182108727506,266.0,0.09641174338528452,47,0.0,0,shard_migration,3
adaptive_centralized,0.2,914620,14,10,400,2878,0.9339819318971508,6.72,15.933777920256526,29.740740145628532,266.0,0.09004739336492891,36,0.0,0,shard_migration,4
adaptive_centralized,0.2,643664,14,10,400,2719,0.9113644722324384,6.195,26.232375313829277,51.707850376194116,266.0,0.09693877551020408,42,0.0,0,shard_migration,5
adaptive_centralized,0.2,737724,14,10,400,2757,0.9263692419296337,6.385,19.131477184885068,31.238844686988784,266.0,0.09432624113475177,36,0.0,0,shard_migration,6
adaptive_centralized,0.2,645262,14,10,400,2746,0.9169701383831027,6.295,20.569013314365048,35.728597693041685,266.0,0.09554597701149425,39,0.0,0,shard_migration,7
adaptive_centralized,0.2,845828,14,10,400,2737,0.9356960175374498,6.4025,13.964854649763032,25.721633972985163,266.0,0.0940926777502653,34,0.0,0,shard_migration,8
adaptive_centralized,0.2,732479,14,10,400,2695,0.9116883116883117,6.1425,25.27418270449763,41.162677874781934,266.0,0.09768637532133675,40,0.0,0,shard_migration,9
adaptive_centralized,0.2,765728,14,10,400,2858,0.9247725682295311,6.6075,23.266666757371112,37.1999793074189,266.0,0.09144035751117223,34,0.0,0,shard_migration,10
adaptive_centralized,0.2,832619,14,10,400,2788,0.9042324246771879,6.3025,21.71912590384693,36.29997499444718,266.0,0.09544312881234301,38,0.0,0,shard_migration,11
adaptive_centralized,0.2,283087,14,10,400,2670,0.9220973782771535,6.155,15.873929354681286,26.027162250777447,266.0,0.09750733137829912,43,0.0,0,shard_migration,12
adaptive_centralized,0.2,867682,14,10,400,2783,0.9299317283507007,6.47,15.914911596272608,29.77516713256535,266.0,0.09320252277505256,41,0.0,0,shard_migration,13
adaptive_centralized,0.2,894265,14,10,400,2790,0.9017921146953405,6.29,21.20881843654392,37.64596059400683,266.0,0.09561466570812366,48,0.0,0,shard_migration,14
adaptive_centralized,0.2,648514,14,10,400,2827,0.9126282278033251,6.45,12.991141698717977,25.07275475761007,266.0,0.09346451159522136,43,0.0,0,shard_migration,15
adaptive_centralized,0.2,961998,14,10,400,2799,0.8703108252947481,6.09,17.059826527435515,27.978813727277313,266.0,0.09844559585492228,53,0.0,0,shard_migration,16
adaptive_centralized,0.2,40718,14,10,400,2815,0.9246891651865009,6.5075,12.94296383269183,21.281521498216712,266.0,0.09271523178807947,35,0.0,0,shard_migration,17
adaptive_centralized,0.2,901534,14,10,400,2658,0.8931527464258842,5.935,15.624927116977402,25.743675418925136,266.0,0.10075757575757575,48,0.0,0,shard_migration,18
adaptive_centralized,0.2,663921,14,10,400,2737,0.9313116550968213,6.3725,18.262874844038294,31.467795085889534,266.0,0.09449378330373001,31,0.0,0,shard_migration,19
adaptive_centralized,0.2,406130,14,10,400,2795,1.0,6.9875,28.448398748163207,52.05677201295092,266.0,0.08689970597843842,49,0.0,0,latency_shift,0
adaptive_centralized,0.2,729855,14,10,400,2803,1.0,7.0075,10.034672660610639,21.546468028421973,266.0,0.086673183447377,38,0.7368421052631579,0,latency_shift,1
adaptive_centralized,0.2,179780,14,10,400,2768,1.0,6.92,30.46065988627909,57.56315785920202,266.0,0.08767303889255108,38,0.18421052631578946,0,latency_shift,2
adaptive_centralized,0.2,504383,14,10,400,2778,1.0,6.945,25.211237256669722,48.11619156839659,266.0,0.0873850197109067,39,0.8205128205128205,0,latency_shift,3
adaptive_centralized,0.2,725601,14,10,400,2810,1.0,7.025,29.47409860811607,59.617750924487225,266.0,0.08647594278283485,43,0.07142857142857142,1,latency_shift,4
adaptive_centralized,0.2,989353,14,10,400,2767,1.0,6.9175,27.1225368463769,51.90858933807586,266.0,0.08770194526871085,42,1.1666666666666667,0,latency_shift,5
adaptive_centralized,0.2,550182,14,10,400,2796,1.0,6.99,31.76110062121789,64.00236250092388,266.0,0.0868713259307642,46,0.391304347826087,0,latency_shift,6
adaptive_centralized,0.2,476013,14,10,400,2797,1.0,6.9925,37.82122740445688,85.09307633227739,266.0,0.08684296441397323,38,1.131578947368421,0,latency_shift,7
adaptive_centralized,0.2,697844,14,10,400,2750,1.0,6.875,35.345837241420384,75.43198204589612,266.0,0.08819628647214854,44,0.0,2,latency_shift,8
adaptive_centralized,0.2,172589,14,10,400,2811,1.0,7.0275,37.197672334689216,74.28338815266,266.0,0.0864478388040299,52,0.34615384615384615,0,latency_shift,9
adaptive_centralized,0.2,357744,14,10,400,2781,1.0,6.9525,33.536326819514834,69.11592992196051,266.0,0.08729898260584182,38,0.5789473684210527,0,latency_shift,10
adaptive_centralized,0.2,361517,14,10,400,2828,1.0,7.07,42.19612186235194,86.12443759636011,266.0,0.08597285067873303,40,0.3333333333333333,1,latency_shift,11
adaptive_centralized,0.2,73455,14,10,400,2757,1.0,6.8925,28.098882061409633,52.81064970357242,266.0,0.08799206086668872,47,0.0,0,latency_shift,12
adaptive_centralized,0.2,123,14,10,400,2752,1.0,6.88,39.45717915856549,76.73155167225512,266.0,0.08813783962889331,45,0.047619047619047616,3,latency_shift,13
adaptive_centralized,0.2,72467,14,10,400,2744,1.0,6.86,30.109083983716896,58.78363753513814,266.0,0.08837209302325581,39,0.0,0,latency_shift,14
adaptive_centralized,0.2,778551,14,10,400,2699,1.0,6.7475,29.21301805865099,56.57208395183219,266.0,0.08971332209106239,37,0.0,0,latency_shift,15
adaptive_centralized,0.2,960216,14,10,400,2782,1.0,6.955,35.71321183950312,73.83275728823422,266.0,0.08727034120734908,50,0.48,0,latency_shift,16
adaptive_centralized,0.2,481973,14,10,400,2747,1.0,6.8675,29.919550713927,53.28433412508819,266.0,0.08828410222369731,44,0.022727272727272728,0,latency_shift,17
adaptive_centralized,0.2,377114,14,10,400,2792,1.0,6.98,27.351436809726508,52.90360710485543,266.0,0.08698495748855462,41,0.0,0,latency_shift,18
adaptive_centralized,0.2,725051,14,10,400,2864,1.0,7.16,30.80877020633668,55.09663280599939,266.0,0.08498402555910543,34,0.17647058823529413,0,latency_shift,19
adaptive_centralized,0.2,480956,14,10,400,2777,1.0,6.9425,18.930904681348785,32.26782257850194,266.0,0.0874137364442984,41,0.0,0,workload_shift,0
adaptive_centralized,0.2,520335,14,10,400,2827,1.0,7.0675,25.348593710928352,44.34541644933939,266.0,0.08600064662140317,36,0.0,0,workload_shift,1
adaptive_centralized,0.2,924638,14,10,400,2832,1.0,7.08,19.364667815778237,35.12190547124462,266.0,0.08586184635248548,44,0.0,0,workload_shift,2
adaptive_centralized,0.2,473991,14,10,400,2752,1.0,6.88,16.79034001949769,26.42578727076736,266.0,0.08813783962889331,38,0.0,0,workload_shift,3
adaptive_centralized,0.2,824444,14,10,400,2755,1.0,6.8875,17.61387499834407,31.229442257887584,266.0,0.0880503144654088,34,0.0,0,workload_shift,4
adaptive_centralized,0.2,971743,14,10,400,2899,1.0,7.2475,23.379732136477553,46.339323462908865,266.0,0.08404423380726699,30,0.0,0,workload_shift,5
adaptive_centralized,0.2,468562,14,10,400,2810,1.0,7.025,16.427006764546796,29.90831462154744,266.0,0.08647594278283485,41,0.0,1,workload_shift,6
adaptive_centralized,0.2,414473,14,10,400,2818,1.0,7.045,18.58223173440097,31.287663437950716,266.0,0.08625162127107652,38,0.0,0,workload_shift,7
adaptive_centralized,0.2,709669,14,10,400,2818,1.0,7.045,21.678783151331636,37.78734602913669,266.0,0.08625162127107652,38,0.0,0,workload_shift,8
adaptive_centralized,0.2,862171,14,10,400,2721,1.0,6.8025,18.81804569101456,31.28217792798855,266.0,0.08905256109809173,37,0.35135135135135137,0,workload_shift,9
adaptive_centralized,0.2,372659,14,10,400,2777,1.0,6.9425,18.836943741819717,30.58209618867031,266.0,0.0874137364442984,41,0.0,0,workload_shift,10
adaptive_centralized,0.2,544301,14,10,400,2795,1.0,6.9875,17.673789079852295,28.023078935608236,266.0,0.08689970597843842,43,0.0,0,workload_shift,11
adaptive_centralized,0.2,668996,14,10,400,2815,1.0,7.0375,19.946239706473648,33.39722897362537,266.0,0.0863356053229471,33,0.0,0,workload_shift,12
adaptive_centralized,0.2,329462,14,10,400,2782,1.0,6.955,23.174546630257648,39.99266721087242,266.0,0.08727034120734908,35,0.0,0,workload_shift,13
adaptive_centralized,0.2,952905,14,10,400,2797,1.0,6.9925,12.38193307167906,20.38774007508768,266.0,0.08684296441397323,42,0.0,0,workload_shift,14
adaptive_centralized,0.2,632264,14,10,400,2839,1.0,7.0975,20.05165064399881,33.708940813345876,266.0,0.0856682769726248,27,0.0,0,workload_shift,15
adaptive_centralized,0.2,47498,14,10,400,2828,1.0,7.07,26.716115328199546,43.78784870311962,266.0,0.08597285067873303,43,0.0,0,workload_shift,16
adaptive_centralized,0.2,906831,14,10,400,2713,1.0,6.7825,22.92492949552214,37.51712867247389,266.0,0.08929170862705606,43,0.0,0,workload_shift,17
adaptive_centralized,0.2,534951,14,10,400,2799,1.0,6.9975,26.843989772920803,41.51809266757192,266.0,0.08678629690048939,45,0.0,0,workload_shift,18
adaptive_centralized,0.2,578557,14,10,400,2802,1.0,7.005,13.98022297682696,25.442504097571124,266.0,0.08670143415906127,39,0.0,0,workload_shift,19
adaptive_centralized,0.3,807662,14,10,400,2764,0.6429088277858177,4.4425,19.21274008279257,32.5906834351589,266.0,0.13020068526676457,47,0.0,0,node_death,0
adaptive_centralized,0.3,212441,14,10,400,2810,0.2569395017793594,1.805,22.39523973423424,48.22208468561696,266.0,0.2692307692307692,55,4.37037037037037,0,node_death,1
adaptive_centralized,0.3,430925,14,10,400,2757,0.6420021762785637,4.425,16.894979171757633,30.59868591760467,266.0,0.13064833005893908,51,10.235294117647058,0,node_death,2
adaptive_centralized,0.3,146343,14,10,400,2778,0.17998560115190784,1.25,16.14058155292541,29.117126106994252,266.0,0.3472584856396867,50,1.88,0,node_death,3
adaptive_centralized,0.3,828654,14,10,400,2776,0.5489913544668588,3.81,19.40596051489415,34.79882008549342,266.0,0.14860335195530727,58,2.7586206896551726,0,node_death,4
adaptive_centralized,0.3,905324,14,10,400,2815,0.5435168738898757,3.825,25.393055985666138,45.321216715248426,266.0,0.14810690423162584,60,4.366666666666666,0,node_death,5
adaptive_centralized,0.3,579647,14,10,400,2938,0.4482641252552757,3.2925,17.66718657606538,32.24916635527339,266.0,0.16803537586860393,58,2.38,8,node_death,6
adaptive_centralized,0.3,664338,14,10,400,2802,0.33369022127052106,2.3375,17.50078654176807,33.9897987697692,266.0,0.22148209825145712,61,4.150943396226415,8,node_death,7
adaptive_centralized,0.3,640772,14,10,400,2654,0.5380557648831952,3.57,18.493481762363714,35.02207032220093,266.0,0.15702479338842976,57,0.40350877192982454,0,node_death,8
adaptive_centralized,0.3,421676,14,10,400,2761,0.4751901484969214,3.28,21.32759361080863,38.44662310267329,266.0,0.16856780735107732,56,0.4107142857142857,0,node_death,9
adaptive_centralized,0.3,82387,14,10,400,2778,0.21454283657307416,1.49,15.739226837328234,33.13979008710476,266.0,0.308584686774942,64,4.15625,0,node_death,10
adaptive_centralized,0.3,554080,14,10,400,2814,0.2942430703624733,2.07,16.646355467256004,28.858346683394252,266.0,0.24314442413162707,69,2.7301587301587302,5,node_death,11
adaptive_centralized,0.3,500454,14,10,400,2821,0.282523927685218,1.9925,17.135663391190647,38.73975722415593,266.0,0.2502351834430856,69,2.8088235294117645,0,node_death,12
adaptive_centralized,0.3,540077,14,10,400,2887,0.49012816072047105,3.5375,22.338824239659978,41.69481182846008,266.0,0.15823914336704342,58,0.43859649122807015,1,node_death,13
adaptive_centralized,0.3,686661,14,10,400,2848,0.22998595505617977,1.6375,15.920095672577592,36.015689594842655,266.0,0.2888165038002172,60,3.1333333333333333,0,node_death,14
adaptive_centralized,0.3,889693,14,10,400,2862,0.29804332634521313,2.1325,20.97959275890358,38.5220499891594,266.0,0.23771224307417338,66,4.096774193548387,4,node_death,15
adaptive_centralized,0.3,252089,14,10,400,2790,0.5419354838709678,3.78,19.81317019288909,34.407247323867196,266.0,0.14960629921259844,48,0.7083333333333334,0,node_death,16
adaptive_centralized,0.3,425647,14,10,400,2761,0.2723650851140891,1.88,14.259133778928598,28.410600578956718,266.0,0.26129666011787817,57,3.087719298245614,0,node_death,17
adaptive_centralized,0.3,406395,14,10,400,2877,0.25895029544664583,1.8625,20.90202932856103,46.84628982653093,266.0,0.26310583580613256,69,1.0144927536231885,0,node_death,18
adaptive_centralized,0.3,992741,14,10,400,2890,0.17335640138408304,1.2525,16.623273473378408,33.01981038887614,266.0,0.3468057366362451,62,5.935483870967742,0,node_death,19
adaptive_centralized,0.3,277185,14,10,400,2825,0.08035398230088496,0.5675,11.220687919231809,26.800869627525106,266.0,0.539553752535497,62,2.870967741935484,0,node_revival,0
adaptive_centralized,0.3,857776,14,10,400,2740,0.10510948905109489,0.72,16.02171221873941,32.57137160967905,266.0,0.48014440433212996,61,0.8852459016393442,0,node_revival,1
adaptive_centralized,0.3,489925,14,10,400,2764,0.2901591895803184,2.005,25.008308037986495,42.07765198222062,266.0,0.24906367041198502,55,1.0909090909090908,0,node_revival,2
adaptive_centralized,0.3,642819,14,10,400,2726,0.14269992663242848,0.9725,14.656633574878875,28.487495507541812,266.0,0.40610687022900765,67,2.3392857142857144,11,node_revival,3
adaptive_centralized,0.3,544651,14,10,400,2777,0.3136478213899892,2.1775,17.280837552214685,31.53250763946996,266.0,0.2339489885664028,57,0.6545454545454545,2,node_revival,4
adaptive_centralized,0.3,627891,14,10,400,2749,0.5911240451073118,4.0625,19.546153011576024,36.26351706677001,266.0,0.1406663141195135,51,0.19607843137254902,0,node_revival,5
adaptive_centralized,0.3,386973,14,10,400,2910,0.44501718213058417,3.2375,22.542771335828768,41.96213232400912,266.0,0.17040358744394618,51,2.0,0,node_revival,6
adaptive_centralized,0.3,966915,14,10,400,2847,0.5672637864418686,4.0375,20.58567449911506,41.48997043656879,266.0,0.1414141414141414,46,1.3333333333333333,1,node_revival,7
adaptive_centralized,0.3,287195,14,10,400,2672,0.5187125748502994,3.465,18.157011319524816,32.2512447602291,266.0,0.16101694915254236,53,1.7924528301886793,0,node_revival,8
adaptive_centralized,0.3,149415,14,10,400,2837,0.5534014804370814,3.925,25.285074843908863,45.88771980174195,266.0,0.144880174291939,52,1.4615384615384615,0,node_revival,9
adaptive_centralized,0.3,494690,14,10,400,2799,0.07288317256162916,0.51,16.205809488503697,35.662325296737386,266.0,0.5659574468085107,59,3.23728813559322,0,node_revival,10
adaptive_centralized,0.3,337279,14,10,400,2876,0.1609874826147427,1.1575,15.622361832402751,30.483925541163018,266.0,0.36488340192043894,63,2.9682539682539684,0,node_revival,11
adaptive_centralized,0.3,478563,14,10,400,2765,0.4039783001808318,2.7925,17.767954921785794,32.93522228509767,266.0,0.19233550253073028,60,1.9152542372881356,1,node_revival,12
adaptive_centralized,0.3,33807,14,10,400,2835,0.7255731922398589,5.1425,20.340953529293255,37.21313849709443,266.0,0.11450710288420146,45,0.37777777777777777,0,node_revival,13
adaptive_centralized,0.3,854467,14,10,400,2854,0.11107217939733707,0.7925,20.469214582801772,45.414314265383936,266.0,0.4562607204116638,63,0.25396825396825395,0,node_revival,14
adaptive_centralized,0.3,507989,14,10,400,2712,0.5291297935103245,3.5875,20.90839306135542,36.298318892121,266.0,0.15637860082304528,56,0.0,0,node_revival,15
adaptive_centralized,0.3,22099,14,10,400,2795,0.1771019677996422,1.2375,19.384243229915487,37.50769590017618,266.0,0.3495400788436268,65,3.193548387096774,3,node_revival,16
adaptive_centralized,0.3,639082,14,10,400,2851,0.4345843563661873,3.0975,23.80936244490292,43.64661273328233,266.0,0.17674418604651163,55,0.2549019607843137,4,node_revival,17
adaptive_centralized,0.3,255871,14,10,400,2830,0.26819787985865723,1.8975,20.878989857056833,40.34944151265742,266.0,0.25951219512195123,61,2.9166666666666665,1,node_revival,18
adaptive_centralized,0.3,844330,14,10,400,2739,0.17050018254837532,1.1675,19.920050928973577,35.91489860881427,266.0,0.36289222373806274,62,0.8947368421052632,5,node_revival,19
adaptive_centralized,0.3,504672,14,10,400,2733,0.8869374313940724,6.06,16.281806380635345,27.573620771459996,266.0,0.09888475836431226,47,0.0,0,shard_migration,0
adaptive_centralized,0.3,809613,14,10,400,2822,0.88731396172927,6.26,15.93781521206517,30.29231937795867,266.0,0.096028880866426,48,0.0,0,shard_migration,1
adaptive_centralized,0.3,638291,14,10,400,2837,0.8819175185054635,6.255,18.28798112136705,32.30867262524087,266.0,0.09609826589595376,60,0.0,0,shard_migration,2
adaptive_centralized,0.3,814085,14,10,400,2907,0.8998968008255934,6.54,21.056189510192002,39.72276253578864,266.0,0.0922970159611381,45,0.0,0,shard_migration,3
adaptive_centralized,0.3,324018,14,10,400,2748,0.8300582241630277,5.7025,15.557945076442525,26.089161587235886,266.0,0.1044365920691009,70,0.0,0,shard_migration,4
adaptive_centralized,0.3,657373,14,10,400,2845,0.8355008787346222,5.9425,16.66483188567132,28.976318277861466,266.0,0.10064320847521756,62,0.0,0,shard_migration,5
adaptive_centralized,0.3,877746,14,10,400,2732,0.8667642752562226,5.92,22.07195929004815,37.195529677446046,266.0,0.10098709187547457,64,0.0,0,shard_migration,6
adaptive_centralized,0.3,936513,14,10,400,2740,0.8518248175182481,5.835,18.01819367626926,31.71779520114956,266.0,0.10230769230769231,62,0.0,0,shard_migration,7
adaptive_centralized,0.3,668382,14,10,400,2791,0.8520243640272304,5.945,18.832657605397255,32.061879267697954,266.0,0.10060514372163389,58,0.0,0,shard_migration,8
adaptive_centralized,0.3,405790,14,10,400,2886,0.8797643797643797,6.3475,23.695157411377735,45.329717392036216,266.0,0.09483065953654189,60,0.0,0,shard_migration,9
adaptive_centralized,0.3,240060,14,10,400,2865,0.837347294938918,5.9975,16.733668788320017,28.136131047034564,266.0,0.099812382739212,77,0.0,0,shard_migration,10
adaptive_centralized,0.3,283635,14,10,400,2754,0.8631082062454611,5.9425,23.65044841613838,39.245873755844585,266.0,0.10064320847521756,63,0.0,0,shard_migration,11
adaptive_centralized,0.3,632483,14,10,400,2696,0.880192878338279,5.9325,20.48864950199951,35.51043688132435,266.0,0.10079575596816977,66,0.3333333333333333,0,shard_migration,12
adaptive_centralized,0.3,537586,14,10,400,2838,0.8812544045102184,6.2525,17.08301094995243,29.663161440768313,266.0,0.09613299602457535,61,0.0,0,shard_migration,13
adaptive_centralized,0.3,128803,14,10,400,2839,0.8457203240577669,6.0025,19.44604108020631,33.80490027352336,266.0,0.09973753280839895,66,0.0,0,shard_migration,14
adaptive_centralized,0.3,841101,14,10,400,2782,0.8770668583752695,6.1,14.820553847658662,27.74094288942381,266.0,0.09830007390983,72,0.0,0,shard_migration,15
adaptive_centralized,0.3,354271,14,10,400,2739,0.8612632347572107,5.8975,17.521301149788457,31.250236062040344,266.0,0.10133333333333333,66,0.0,0,shard_migration,16
adaptive_centralized,0.3,211999,14,10,400,2870,0.8777003484320558,6.2975,18.658832820416862,32.05996317802928,266.0,0.0955116696588869,60,0.0,0,shard_migration,17
adaptive_centralized,0.3,385481,14,10,400,2731,0.8432808495056756,5.7575,24.02396356416728,38.23376232408767,266.0,0.10354223433242507,63,0.0,0,shard_migration,18
adaptive_centralized,0.3,674019,14,10,400,2784,0.8735632183908046,6.08,20.01566636426668,36.291518904737295,266.0,0.09859154929577464,62,0.0,0,shard_migration,19
adaptive_centralized,0.3,97692,14,10,400,2854,1.0,7.135,26.61699557576899,51.098662936444875,266.0,0.08525641025641026,54,0.3148148148148148,0,latency_shift,0
adaptive_centralized,0.3,238998,14,10,400,2809,1.0,7.0225,32.93827368677866,59.91606469758355,266.0,0.0865040650406504,57,0.0,2,latency_shift,1
adaptive_centralized,0.3,321777,14,10,400,2903,1.0,7.2575,43.1270530541708,91.19366256690314,266.0,0.08393815083622594,64,0.0625,0,latency_shift,2
adaptive_centralized,0.3,379600,14,10,400,2758,1.0,6.895,28.414105312340737,59.762710553308075,266.0,0.08796296296296297,69,0.0,0,latency_shift,3
adaptive_centralized,0.3,672603,14,10,400,2790,1.0,6.975,44.3418889240545,94.49250326393074,266.0,0.08704188481675393,53,0.2692307692307692,0,latency_shift,4
adaptive_centralized,0.3,862000,14,10,400,2748,1.0,6.87,21.226807078696915,47.10871464271907,266.0,0.08825481088254811,62,0.0,0,latency_shift,5
adaptive_centralized,0.3,992268,14,10,400,2785,1.0,6.9625,28.450096769598577,54.86952055954465,266.0,0.08718452966240577,62,1.1935483870967742,0,latency_shift,6
adaptive_centralized,0.3,563582,14,10,400,2873,1.0,7.1825,27.20453712867886,48.19373268814263,266.0,0.08474036317298503,50,0.04,0,latency_shift,7
adaptive_centralized,0.3,804284,14,10,400,2858,1.0,7.145,26.34127156920042,50.79356483037952,266.0,0.0851472471190781,64,0.7903225806451613,1,latency_shift,8
adaptive_centralized,0.3,580135,14,10,400,2815,1.0,7.0375,41.772761243388906,85.26949796202057,266.0,0.0863356053229471,69,0.6811594202898551,0,latency_shift,9
adaptive_centralized,0.3,868975,14,10,400,2839,1.0,7.0975,30.02288710672279,63.79938185698658,266.0,0.0856682769726248,62,0.8709677419354839,0,latency_shift,10
adaptive_centralized,0.3,592495,14,10,400,2753,1.0,6.8825,24.937494600463435,40.94410735682973,266.0,0.08810864524677045,57,0.18181818181818182,2,latency_shift,11
adaptive_centralized,0.3,571904,14,10,400,2838,1.0,7.095,38.10748517842763,67.1644603717652,266.0,0.0856958762886598,48,0.0,0,latency_shift,12
adaptive_centralized,0.3,720291,14,10,400,2822,1.0,7.055,43.02432336743968,91.03227231962042,266.0,0.086139896373057,70,1.457142857142857,0,latency_shift,13
adaptive_centralized,0.3,370003,14,10,400,2818,1.0,7.045,29.08809117061271,53.98052045725606,266.0,0.08625162127107652,62,0.3064516129032258,0,latency_shift,14
adaptive_centralized,0.3,737549,14,10,400,2710,1.0,6.775,38.35933436868153,80.80263934000524,266.0,0.08938172043010753,50,0.7708333333333334,2,latency_shift,15
adaptive_centralized,0.3,645285,14,10,400,2890,1.0,7.225,24.381682780187298,49.344144969302214,266.0,0.08428390367553866,58,0.0,0,latency_shift,16
adaptive_centralized,0.3,678051,14,10,400,2767,1.0,6.9175,35.52320254814009,99.46973886977989,266.0,0.08770194526871085,66,1.4754098360655739,5,latency_shift,17
adaptive_centralized,0.3,917260,14,10,400,2755,1.0,6.8875,41.84484967535898,103.31295086246033,266.0,0.0880503144654088,52,0.08333333333333333,4,latency_shift,18
adaptive_centralized,0.3,64735,14,10,400,2729,1.0,6.8225,36.555168541475965,72.22096090690553,266.0,0.08881469115191987,61,0.4909090909090909,6,latency_shift,19
adaptive_centralized,0.3,294497,14,10,400,2759,1.0,6.8975,17.576800510198765,31.285632326552783,266.0,0.08793388429752066,58,0.0,0,workload_shift,0
adaptive_centralized,0.3,179595,14,10,400,2835,1.0,7.0875,19.534750783400227,33.93392328375811,266.0,0.08577878103837472,52,0.057692307692307696,0,workload_shift,1
adaptive_centralized,0.3,509392,14,10,400,2802,1.0,7.005,19.127039416074826,35.28724135417147,266.0,0.08670143415906127,48,0.0,0,workload_shift,2
adaptive_centralized,0.3,720757,14,10,400,2780,1.0,6.95,25.78288634419126,44.011399341645046,266.0,0.08732764281024294,59,0.0,0,workload_shift,3
adaptive_centralized,0.3,444808,14,10,400,2833,1.0,7.0825,19.299130063556102,32.080604808480004,266.0,0.08583414004517587,68,0.0,0,workload_shift,4
adaptive_centralized,0.3,991146,14,10,400,2843,1.0,7.1075,20.284276404341085,32.33294453044036,266.0,0.08555805725313606,59,0.0,0,workload_shift,5
adaptive_centralized,0.3,780864,14,10,400,2788,1.0,6.97,20.908252813129934,38.491135040716024,266.0,0.0870988867059594,69,0.0,0,workload_shift,6
adaptive_centralized,0.3,464356,14,10,400,2783,1.0,6.9575,24.544619672411123,42.39120083190254,266.0,0.08724171859626106,58,0.06896551724137931,0,workload_shift,7
adaptive_centralized,0.3,900473,14,10,400,2776,1.0,6.94,15.688271067000791,28.666243190984513,266.0,0.08744247205785667,63,0.0,0,workload_shift,8
adaptive_centralized,0.3,541157,14,10,400,2814,1.0,7.035,20.861210999993812,34.5024094214973,266.0,0.08636363636363636,55,0.0,0,workload_shift,9
adaptive_centralized,0.3,459444,14,10,400,2719,1.0,6.7975,19.176193185361793,31.186637705405815,266.0,0.08911222780569514,49,0.0,0,workload_shift,10
adaptive_centralized,0.3,383863,14,10,400,2837,1.0,7.0925,13.925366754423258,26.336775694762775,266.0,0.08572349339349017,58,0.0,0,workload_shift,11
adaptive_centralized,0.3,295177,14,10,400,2795,1.0,6.9875,19.785251720836495,31.287230523791965,266.0,0.08689970597843842,64,0.0,0,workload_shift,12
adaptive_centralized,0.3,493931,14,10,400,2826,1.0,7.065,16.225895335065502,28.380325206643874,266.0,0.08602846054333764,62,0.08064516129032258,0,workload_shift,13
adaptive_centralized,0.3,73516,14,10,400,2759,1.0,6.8975,20.456219446569936,35.01393085735843,266.0,0.08793388429752066,53,0.2641509433962264,0,workload_shift,14
adaptive_centralized,0.3,699597,14,10,400,2767,1.0,6.9175,26.531465646196747,44.86505299296477,266.0,0.08770194526871085,46,0.0,0,workload_shift,15
adaptive_centralized,0.3,867412,14,10,400,2829,1.0,7.0725,21.523328877780646,36.053077375861236,266.0,0.08594507269789983,66,0.0,0,workload_shift,16
adaptive_centralized,0.3,674259,14,10,400,2847,1.0,7.1175,22.16097068518349,36.18873656335496,266.0,0.08544812078380983,60,0.0,0,workload_shift,17
adaptive_centralized,0.3,453588,14,10,400,2812,1.0,7.03,23.33473493010084,37.983236012679974,266.0,0.08641975308641975,57,0.0,0,workload_shift,18
adaptive_centralized,0.3,689879,14,10,400,2823,1.0,7.0575,17.45478617749545,29.99594003307551,266.0,0.08611201035933959,61,0.0,0,workload_shift,19
decentralized_greedy,0.2,687365,14,10,400,2856,0.1407563025210084,1.005,10.949093408629333,21.598390819462804,854.0,0.6799363057324841,48,12.53191489361702,0,node_death,0
decentralized_greedy,0.2,399749,14,10,400,2895,0.44905008635578586,3.25,24.060856575746218,48.01622052631291,2307.0,0.6395896867202662,41,2.875,1,node_death,1
decentralized_greedy,0.2,958818,14,10,400,2902,0.12405237767057202,0.9,12.883339724620226,30.97061442535216,840.0,0.7,40,6.6,0,node_death,2
decentralized_greedy,0.2,539600,14,10,400,2856,0.742296918767507,5.3,21.780996669788326,38.1950230471491,3647.0,0.6323911912606208,30,7.814814814814815,3,node_death,3
decentralized_greedy,0.2,919954,14,10,400,2773,0.4453660295708619,3.0875,17.222856698405458,31.141942404951074,2631.0,0.6805483704086912,38,2.5,2,node_death,4
decentralized_greedy,0.2,40088,14,10,400,2835,0.7333333333333333,5.1975,21.722184373398427,37.18412980101505,3659.0,0.6376786336702683,28,0.0,0,node_death,5
decentralized_greedy,0.2,569783,14,10,400,2834,0.8323923782639379,5.8975,19.711080276834178,32.14836827549351,4050.0,0.6319238570759869,36,1.1944444444444444,0,node_death,6
decentralized_greedy,0.2,860144,14,10,400,2799,0.48481600571632727,3.3925,11.698606832041554,22.087312551327297,2585.0,0.6557584982242517,33,0.1875,1,node_death,7
decentralized_greedy,0.2,323746,14,10,400,2789,0.407314449623521,2.84,15.02756705063537,28.98794307258023,2506.0,0.6880834706205382,32,5.612903225806452,1,node_death,8
decentralized_greedy,0.2,654824,14,10,400,2723,0.3903782592728608,2.6575,14.346236163712566,34.9629492631329,2384.0,0.6916158978822164,40,4.85,0,node_death,9
decentralized_greedy,0.2,119766,14,10,400,2833,0.4892340275326509,3.465,21.969433678586807,42.22398116140386,2641.0,0.6558231934442513,30,4.733333333333333,0,node_death,10
decentralized_greedy,0.2,465249,14,10,400,2827,0.7888220728687655,5.575,17.9326364023084,32.04903388081893,3837.0,0.632437778144058,33,0.0,0,node_death,11
decentralized_greedy,0.2,302128,14,10,400,2755,0.5989110707803993,4.125,12.688911673512996,22.788192635872,3396.0,0.6730083234244947,32,0.25,0,node_death,12
decentralized_greedy,0.2,655140,14,10,400,2776,0.3180835734870317,2.2075,13.436457775191041,24.568317414716784,2444.0,0.7345957318905921,30,1.2666666666666666,0,node_death,13
decentralized_greedy,0.2,26982,14,10,400,2882,0.5988896599583623,4.315,17.418655756353765,30.27784252582243,3121.0,0.643903445430163,42,0.6341463414634146,1,node_death,14
decentralized_greedy,0.2,605008,14,10,400,2848,0.22963483146067415,1.635,11.349843455817753,21.35807439447349,1377.0,0.6779911373707533,40,3.4054054054054053,3,node_death,15
decentralized_greedy,0.2,488408,14,10,400,2758,0.7084844089920233,4.885,17.726593803010925,30.826064346520596,3670.0,0.6525604551920341,30,0.0,1,node_death,16
decentralized_greedy,0.2,979918,14,10,400,2839,0.4751673124339556,3.3725,18.04906579463766,31.66477432020584,2578.0,0.6564807741278329,40,4.205128205128205,0,node_death,17
decentralized_greedy,0.2,893987,14,10,400,2805,0.1586452762923351,1.1125,16.509260249208157,31.159932883496797,1090.0,0.7100977198697068,44,1.5,0,node_death,18
decentralized_greedy,0.2,716821,14,10,400,2836,0.7789139633286318,5.5225,19.691957289934308,31.623645461632698,3888.0,0.6376906675414138,32,0.03125,0,node_death,19
decentralized_greedy,0.2,683396,14,10,400,2836,0.20521861777150915,1.455,10.053634926935992,20.466945096488875,1522.0,0.723384030418251,39,4.305555555555555,3,node_revival,0
decentralized_greedy,0.2,39973,14,10,400,2859,0.6915005246589717,4.9425,20.54244030354278,34.66871580036952,3544.0,0.6419126969751856,33,11.0,0,node_revival,1
decentralized_greedy,0.2,441992,14,10,400,2803,0.4409561184445237,3.09,18.255540650450996,31.405521557515492,2587.0,0.6766936960502223,45,1.7777777777777777,0,node_revival,2
decentralized_greedy,0.2,17127,14,10,400,2806,0.4444048467569494,3.1175,21.291027580639703,40.89161134946923,2316.0,0.6500140331181589,39,0.4358974358974359,0,node_revival,3
decentralized_greedy,0.2,416020,14,10,400,2758,0.41878172588832485,2.8875,14.357836484711628,27.255689680897476,2202.0,0.6559428060768543,40,4.7,0,node_revival,4
decentralized_greedy,0.2,362675,14,10,400,2718,0.5382634289919058,3.6575,18.13457506490166,31.47287051655605,2912.0,0.6656,32,1.3125,0,node_revival,5
decentralized_greedy,0.2,598007,14,10,400,2711,0.2084101807451125,1.4125,16.212843560228787,29.771848531824737,1275.0,0.6929347826086957,46,4.377777777777778,0,node_revival,6
decentralized_greedy,0.2,410509,14,10,400,2773,0.7133068878470971,4.945,13.955525563365383,25.41628682393141,3594.0,0.6450107681263461,44,0.813953488372093,1,node_revival,7
decentralized_greedy,0.2,216973,14,10,400,2843,0.20084417868448823,1.4275,14.946329938900902,28.828422539709067,1180.0,0.67390062821245,36,5.611111111111111,0,node_revival,8
decentralized_greedy,0.2,425098,14,10,400,2820,0.35425531914893615,2.4975,12.366494401054508,22.138109559191818,1940.0,0.6600884654644437,40,2.230769230769231,1,node_revival,9
decentralized_greedy,0.2,247509,14,10,400,2760,0.5463768115942029,3.77,19.357616960753152,35.55614647295959,3076.0,0.6710296684118674,27,2.6923076923076925,1,node_revival,10
decentralized_greedy,0.2,654445,14,10,400,2815,0.6845470692717585,4.8175,19.87335058568685,33.874083606232944,3404.0,0.6385293565935096,39,1.6153846153846154,0,node_revival,11
decentralized_greedy,0.2,912914,14,10,400,2838,0.8558844256518675,6.0725,21.362164414070573,38.350772173549316,4097.0,0.627796506282562,26,0.0,0,node_revival,12
decentralized_greedy,0.2,134205,14,10,400,2759,0.7712939470822762,5.32,18.204592380282282,31.990949812093298,3861.0,0.6446819168475538,29,0.6071428571428571,1,node_revival,13
decentralized_greedy,0.2,890954,14,10,400,2799,0.555912826009289,3.89,18.852349085054534,34.06549015479943,2810.0,0.6436097114063216,38,3.4473684210526314,0,node_revival,14
decentralized_greedy,0.2,125737,14,10,400,2772,0.32287157287157287,2.2375,15.841957541571814,29.19504059671344,2051.0,0.6961982348947726,39,3.2564102564102564,0,node_revival,15
decentralized_greedy,0.2,960282,14,10,400,2727,0.14778144481114777,1.0075,18.227946421602937,31.8017555149086,958.0,0.7038941954445261,41,6.2631578947368425,3,node_revival,16
decentralized_greedy,0.2,178998,14,10,400,2811,0.327997154037709,2.305,8.837127940499736,16.606645237886276,2253.0,0.7096062992125984,39,4.578947368421052,1,node_revival,17
decentralized_greedy,0.2,671475,14,10,400,2725,0.36293577981651376,2.4725,25.659129326844436,49.292347299708645,1919.0,0.6599037138927097,33,2.272727272727273,0,node_revival,18
decentralized_greedy,0.2,947652,14,10,400,2684,0.35171385991058124,2.36,13.682622869562511,27.47910719086852,1842.0,0.6611629576453697,43,0.45,3,node_revival,19
decentralized_greedy,0.2,684535,14,10,400,2828,0.48444130127298446,3.425,13.289704066606738,28.33873698427331,4800.0,0.7779578606158833,43,1.558139534883721,0,shard_migration,0
decentralized_greedy,0.2,101135,14,10,400,2768,0.4833815028901734,3.345,18.28933856421928,33.756990168027684,4800.0,0.7820136852394917,36,4.0,0,shard_migration,1
decentralized_greedy,0.2,329304,14,10,400,2827,0.4333215422709586,3.0625,12.27093738207593,24.69901408285547,4800.0,0.7966804979253111,41,6.435897435897436,1,shard_migration,2
decentralized_greedy,0.2,900349,14,10,400,2815,0.5136767317939609,3.615,16.450464133332282,29.990057551360472,4800.0,0.7684918347742555,34,0.0,1,shard_migration,3
decentralized_greedy,0.2,378186,14,10,400,2804,0.5,3.505,14.873870313174002,28.337666240884378,4800.0,0.7739438890680426,41,4.125,1,shard_migration,4
decentralized_greedy,0.2,642787,14,10,400,2798,0.4631879914224446,3.24,11.94355267188533,24.24255793257684,4800.0,0.7874015748031497,45,0.6444444444444445,0,shard_migration,5
decentralized_greedy,0.2,884363,14,10,400,2835,0.4479717813051146,3.175,13.260029017300264,24.957510591732554,4800.0,0.7907742998352554,39,0.38461538461538464,0,shard_migration,6
decentralized_greedy,0.2,772465,14,10,400,2774,0.558759913482336,3.875,14.835825749527341,27.434792825119455,4800.0,0.7559055118110236,31,0.0,0,shard_migration,7
decentralized_greedy,0.2,169526,14,10,400,2889,0.4305988231221876,3.11,13.051099657298243,27.43050256224286,4800.0,0.7941760423560555,42,0.926829268292683,1,shard_migration,8
decentralized_greedy,0.2,978714,14,10,400,2895,0.563385146804836,4.0775,13.413545519346133,26.883151662324032,4800.0,0.7463846991136681,27,0.0,0,shard_migration,9
decentralized_greedy,0.2,428138,14,10,400,2844,0.42616033755274263,3.03,12.59116813478578,23.242405811670537,4800.0,0.7984031936127745,38,0.10526315789473684,0,shard_migration,10
decentralized_greedy,0.2,573845,14,10,400,2728,0.5278592375366569,3.6,16.2579038095195,30.722766565767373,4800.0,0.7692307692307693,44,0.0,1,shard_migration,11
decentralized_greedy,0.2,617932,14,10,400,2664,0.496996996996997,3.31,17.453685802595754,38.92581839220338,4800.0,0.7838014369693012,39,0.3076923076923077,0,shard_migration,12
decentralized_greedy,0.2,299195,14,10,400,2908,0.4594222833562586,3.34,16.925061593721637,39.74781923677188,4800.0,0.7822685788787483,41,2.7027027027027026,4,shard_migration,13
decentralized_greedy,0.2,65686,14,10,400,2876,0.38630041724617525,2.7775,12.116427202199564,25.45272342099655,4800.0,0.8120453391981052,43,2.7209302325581395,0,shard_migration,14
decentralized_greedy,0.2,304047,14,10,400,2816,0.6342329545454546,4.465,18.837703585862837,34.47570320590445,4800.0,0.7288187063467962,34,0.46875,1,shard_migration,15
decentralized_greedy,0.2,959063,14,10,400,2861,0.506466270534778,3.6225,16.506958246208253,32.29283649676011,4800.0,0.7681228996639462,42,0.0,0,shard_migration,16
decentralized_greedy,0.2,403849,14,10,400,2813,0.4603626022040526,3.2375,15.881756877525229,31.43856420322468,4800.0,0.7875307629204266,41,0.2682926829268293,0,shard_migration,17
decentralized_greedy,0.2,406124,14,10,400,2769,0.5012639942217407,3.47,12.572654638746952,23.62653407381262,4800.0,0.7756948933419522,34,5.909090909090909,1,shard_migration,18
decentralized_greedy,0.2,546466,14,10,400,2813,0.38393174546747244,2.7,15.687408131172662,29.882817755202865,4800.0,0.8163265306122449,41,0.475,1,shard_migration,19
decentralized_greedy,0.2,891294,14,10,400,2770,0.9884476534296028,6.845,25.245279909226525,37.695838009133865,4800.0,0.6367736800212258,35,0.4,0,latency_shift,0
decentralized_greedy,0.2,504321,14,10,400,2782,0.9841840402588066,6.845,54.12683104109087,93.74372350221549,4800.0,0.6367736800212258,42,1.0256410256410255,3,latency_shift,1
decentralized_greedy,0.2,297486,14,10,400,2773,0.9855751893256401,6.8325,35.3776085733527,79.14224868475054,4800.0,0.6371963361210673,35,0.4857142857142857,0,latency_shift,2
decentralized_greedy,0.2,162364,14,10,400,2677,0.9891669779604034,6.62,53.84775183863504,99.15564029487267,4800.0,0.644468313641246,44,1.170731707317073,2,latency_shift,3
decentralized_greedy,0.2,15767,14,10,400,2862,0.9930118798043326,7.105,48.51344531788544,128.17315897670667,4800.0,0.6281078251766553,32,0.03225806451612903,1,latency_shift,4
decentralized_greedy,0.2,328951,14,10,400,2819,0.9879389854558354,6.9625,30.858988956198186,47.88212698327948,4800.0,0.6328279499011207,53,0.5106382978723404,5,latency_shift,5
decentralized_greedy,0.2,889279,14,10,400,2830,0.988339222614841,6.9925,55.77013689124481,132.96960335919314,4800.0,0.6318283532973542,44,0.7727272727272727,0,latency_shift,6
decentralized_greedy,0.2,864225,14,10,400,2732,0.9864568081991215,6.7375,72.18959558330867,202.97471981704786,4800.0,0.6404269513008672,56,0.6744186046511628,13,latency_shift,7
decentralized_greedy,0.2,996727,14,10,400,2843,0.9901512486809708,7.0375,29.93722658827073,57.13844632942525,4800.0,0.6303348653972423,34,0.0,0,latency_shift,8
decentralized_greedy,0.2,545002,14,10,400,2780,0.987410071942446,6.8625,22.684301048137744,42.564603113974684,4800.0,0.6361829025844931,29,3.0,0,latency_shift,9
decentralized_greedy,0.2,332470,14,10,400,2875,0.9895652173913043,7.1125,20.11462931465764,32.62657695723013,4800.0,0.6278613472858077,41,0.0,2,latency_shift,10
decentralized_greedy,0.2,108004,14,10,400,2837,0.9904829044765597,7.025,30.948307190840076,75.04033035676639,4800.0,0.6307490144546649,44,0.0,2,latency_shift,11
decentralized_greedy,0.2,791364,14,10,400,2904,0.990358126721763,7.19,35.08325387184528,70.05441364049705,4800.0,0.6253256904637832,45,0.0,5,latency_shift,12
decentralized_greedy,0.2,671743,14,10,400,2859,0.9902063658621896,7.0775,33.61011033643989,72.08580330673479,4800.0,0.6290132354868301,40,1.325,0,latency_shift,13
decentralized_greedy,0.2,138514,14,10,400,2884,0.9809292649098474,7.0725,43.83629430154893,100.04487168598301,4800.0,0.6291781360597719,36,0.02857142857142857,1,latency_shift,14
decentralized_greedy,0.2,202383,14,10,400,2832,0.986228813559322,6.9825,39.94801084425126,92.87417613782958,4800.0,0.6321612011062822,31,0.7333333333333333,1,latency_shift,15
decentralized_greedy,0.2,911291,14,10,400,2873,0.9885137486947442,7.1,47.05278037229576,90.24501735537608,4800.0,0.6282722513089005,44,0.5365853658536586,3,latency_shift,16
decentralized_greedy,0.2,146325,14,10,400,2793,0.9889008234872897,6.905,43.05270896812478,80.84102961573532,4800.0,0.6347527109230362,39,0.0,0,latency_shift,17
decentralized_greedy,0.2,204400,14,10,400,2836,0.985543018335684,6.9875,27.305058136633136,48.77347922391688,4800.0,0.6319947333772219,37,2.611111111111111,0,latency_shift,18
decentralized_greedy,0.2,56171,14,10,400,2793,0.9903329752953813,6.915,35.723270200198655,68.2459204011205,4800.0,0.63441712926249,36,1.6470588235294117,1,latency_shift,19
decentralized_greedy,0.2,261806,14,10,400,2747,0.9894430287586458,6.795,17.829025411076305,30.349373190140106,4800.0,0.6384676775738228,30,0.1,0,workload_shift,0
decentralized_greedy,0.2,389633,14,10,400,2725,0.9922935779816514,6.76,17.45220606711134,27.206174270376817,4800.0,0.6396588486140725,45,0.2727272727272727,1,workload_shift,1
decentralized_greedy,0.2,272707,14,10,400,2774,0.9888248017303533,6.8575,20.155048251877787,32.892709222514796,4800.0,0.6363515842502983,30,5.107142857142857,2,workload_shift,2
decentralized_greedy,0.2,966141,14,10,400,2894,0.9906703524533518,7.1675,25.948229781312616,41.627746844825964,4800.0,0.6260597365331942,38,0.0,0,workload_shift,3
decentralized_greedy,0.2,144242,14,10,400,2649,0.9845224613061533,6.52,16.112970254777597,26.0349131328106,4800.0,0.6479481641468683,32,0.0,1,workload_shift,4
decentralized_greedy,0.2,689896,14,10,400,2819,0.9822632139056403,6.9225,25.098368798671615,47.286262743152214,4800.0,0.6341656757827983,39,0.4,4,workload_shift,5
decentralized_greedy,0.2,509950,14,10,400,2705,0.9855822550831793,6.665,17.798919667808867,29.92794007731425,4800.0,0.6429145459416019,44,0.3409090909090909,0,workload_shift,6
decentralized_greedy,0.2,591574,14,10,400,2800,0.9842857142857143,6.89,22.480270768580414,38.13260700621491,4800.0,0.6352567496029645,32,0.0,0,workload_shift,7
decentralized_greedy,0.2,416950,14,10,400,2824,0.9911473087818697,6.9975,22.834172170583937,41.02843090695595,4800.0,0.6316620607974733,37,3.7222222222222223,1,workload_shift,8
decentralized_greedy,0.2,975689,14,10,400,2860,0.9923076923076923,7.095,22.154535401191776,37.0879691310816,4800.0,0.6284367635506677,37,0.0,4,workload_shift,9
decentralized_greedy,0.2,280046,14,10,400,2870,0.9864111498257839,7.0775,21.25299961993407,40.3001657283838,4800.0,0.6290132354868301,43,0.0,1,workload_shift,10
decentralized_greedy,0.2,677690,14,10,400,2780,0.9856115107913669,6.85,20.867312489842913,38.03245154393308,4800.0,0.636604774535809,38,0.9428571428571428,3,workload_shift,11
decentralized_greedy,0.2,100745,14,10,400,2800,0.9871428571428571,6.91,18.315642911017537,28.209573704469747,4800.0,0.6345848757271285,44,0.5909090909090909,0,workload_shift,12
decentralized_greedy,0.2,837242,14,10,400,2883,0.9899410336455081,7.135,19.275905742254544,31.193117460437644,4800.0,0.6271230729030572,40,0.02631578947368421,2,workload_shift,13
decentralized_greedy,0.2,375995,14,10,400,2834,0.9929428369795342,7.035,24.46497027717759,40.45633919145449,4800.0,0.6304176516942475,45,0.0,1,workload_shift,14
decentralized_greedy,0.2,474016,14,10,400,2793,0.9867525957751522,6.89,17.82941776075921,28.637887153231002,4800.0,0.6352567496029645,38,1.131578947368421,0,workload_shift,15
decentralized_greedy,0.2,703980,14,10,400,2854,0.98843728100911,7.0525,21.1471052956589,37.14628887630656,4800.0,0.6298386038577615,43,1.2857142857142858,1,workload_shift,16
decentralized_greedy,0.2,561173,14,10,400,2761,0.9920318725099602,6.8475,19.306441681359416,30.967742499836906,4800.0,0.6366892160764027,54,0.037037037037037035,0,workload_shift,17
decentralized_greedy,0.2,462242,14,10,400,2852,0.9866760168302945,7.035,24.345714332762448,41.89395103357579,4800.0,0.6304176516942475,39,0.0,1,workload_shift,18
decentralized_greedy,0.2,445215,14,10,400,2755,0.9883847549909256,6.8075,17.713968960480422,30.388163653599968,4800.0,0.638043333776419,37,0.08333333333333333,1,workload_shift,19
decentralized_greedy,0.3,944321,14,10,400,2858,0.6130160951714486,4.38,21.67571010067224,41.285628469094114,3126.0,0.6408364083640836,57,0.0,0,node_death,0
decentralized_greedy,0.3,547384,14,10,400,2821,0.5299539170506913,3.7375,12.14999485695151,23.527697796291264,2800.0,0.6519208381839348,59,1.8392857142857142,3,node_death,1
decentralized_greedy,0.3,113264,14,10,400,2797,0.4476224526278155,3.13,14.309465149267389,25.64438714298678,2475.0,0.6640729809498256,46,1.1363636363636365,2,node_death,2
decentralized_greedy,0.3,761683,14,10,400,2764,0.33755426917510856,2.3325,16.58296992532496,28.54098655558241,2149.0,0.6972744970798183,57,6.7592592592592595,3,node_death,3
decentralized_greedy,0.3,520775,14,10,400,2741,0.3385625684056914,2.32,21.09174158940554,38.27319901946106,1965.0,0.679225717248531,58,6.925925925925926,3,node_death,4
decentralized_greedy,0.3,877674,14,10,400,2752,0.49200581395348836,3.385,14.43272976203552,28.575518241491636,2754.0,0.6703992210321325,63,5.88135593220339,4,node_death,5
decentralized_greedy,0.3,962355,14,10,400,2697,0.6332962550982574,4.27,18.710157136058985,35.876987715908626,3415.0,0.666601600624634,49,0.16326530612244897,0,node_death,6
decentralized_greedy,0.3,912364,14,10,400,2663,0.5910627112279384,3.935,14.840006386914757,25.74251624180822,3086.0,0.6622317596566524,65,3.0317460317460316,0,node_death,7
decentralized_greedy,0.3,362111,14,10,400,2810,0.6014234875444839,4.225,17.967810773031523,35.08833087456114,3193.0,0.6539012901904567,50,3.2857142857142856,1,node_death,8
decentralized_greedy,0.3,778128,14,10,400,2843,0.3348575448469926,2.38,15.576136706346858,28.57732123427126,2027.0,0.6804296743873783,48,1.6521739130434783,2,node_death,9
decentralized_greedy,0.3,370050,14,10,400,2723,0.5420492104296731,3.69,16.696599738254264,30.160204450602166,3032.0,0.6725820763087844,57,0.6140350877192983,0,node_death,10
decentralized_greedy,0.3,217496,14,10,400,2903,0.43265587323458493,3.14,21.38200024169116,42.841467659554255,2172.0,0.6336056009334889,59,1.9454545454545455,3,node_death,11
decentralized_greedy,0.3,543062,14,10,400,2729,0.38438988640527666,2.6225,15.132175975447645,26.894447868362235,2345.0,0.6909251620506777,57,4.614035087719298,0,node_death,12
decentralized_greedy,0.3,453729,14,10,400,2859,0.2137110877929346,1.5275,19.25747352591101,34.572164921278834,1248.0,0.6713286713286714,56,0.018867924528301886,1,node_death,13
decentralized_greedy,0.3,817844,14,10,400,2872,0.2217966573816156,1.5925,12.827403795722857,23.81003438122815,1213.0,0.6556756756756756,58,3.5294117647058822,7,node_death,14
decentralized_greedy,0.3,266689,14,10,400,2862,0.16771488469601678,1.2,13.056926996626972,30.862757303337467,1039.0,0.6840026333113891,64,7.125,0,node_death,15
decentralized_greedy,0.3,357797,14,10,400,2761,0.2651213328504165,1.83,20.974099985690692,43.63868728555073,1692.0,0.698019801980198,61,4.213114754098361,0,node_death,16
decentralized_greedy,0.3,955141,14,10,400,2868,0.648186889818689,4.6475,19.323444302048404,34.92229859181639,3372.0,0.644618619766775,48,3.4791666666666665,0,node_death,17
decentralized_greedy,0.3,216498,14,10,400,2805,0.18823529411764706,1.32,14.438251270534172,27.48566433905973,1072.0,0.67,56,11.875,0,node_death,18
decentralized_greedy,0.3,697029,14,10,400,2633,0.3714394227117357,2.445,16.418366738812622,29.754698672335167,1884.0,0.6582809224318659,65,4.873015873015873,2,node_death,19
decentralized_greedy,0.3,957034,14,10,400,2873,0.6703793943612948,4.815,16.904582171520396,32.53176356649617,3522.0,0.6464757709251101,51,3.980392156862745,0,node_revival,0
decentralized_greedy,0.3,295191,14,10,400,2783,0.21954725116780452,1.5275,23.2360069097543,44.59264675574737,1518.0,0.7130108031939878,54,7.0576923076923075,1,node_revival,1
decentralized_greedy,0.3,18342,14,10,400,2780,0.7014388489208633,4.875,19.479572961769325,33.07353603405379,3464.0,0.6398226819357222,53,0.6,1,node_revival,2
decentralized_greedy,0.3,468069,14,10,400,2805,0.047058823529411764,0.33,10.565365881338804,21.881458175538643,368.0,0.736,65,7.84375,0,node_revival,3
decentralized_greedy,0.3,722122,14,10,400,2838,0.24559548978153628,1.7425,15.00082951743319,29.06445186200811,1372.0,0.6631222812953117,55,5.037037037037037,1,node_revival,4
decentralized_greedy,0.3,705640,14,10,400,2783,0.32087675170679125,2.2325,19.52101681629217,34.75064524221291,1762.0,0.663653483992467,50,0.2553191489361702,3,node_revival,5
decentralized_greedy,0.3,723633,14,10,400,2802,0.622412562455389,4.36,16.26594246982134,28.391477377969615,3355.0,0.6579721514022357,50,1.86,0,node_revival,6
decentralized_greedy,0.3,305489,14,10,400,2809,0.40939836240655036,2.875,18.887305765535558,32.79885767739217,2241.0,0.6608670008846947,64,3.0,0,node_revival,7
decentralized_greedy,0.3,808101,14,10,400,2788,0.2618364418938307,1.825,21.800457971605173,40.63654507660972,1493.0,0.6716149347728295,58,4.576923076923077,6,node_revival,8
decentralized_greedy,0.3,212329,14,10,400,2819,0.3306136927988648,2.33,15.704100912066968,29.931625001967568,2017.0,0.6839606646320787,58,0.4807692307692308,6,node_revival,9
decentralized_greedy,0.3,93082,14,10,400,2844,0.40822784810126583,2.9025,18.44823672705773,34.95544338678978,2104.0,0.6444104134762634,58,0.3620689655172414,0,node_revival,10
decentralized_greedy,0.3,874650,14,10,400,2852,0.39305750350631136,2.8025,12.545010844940657,22.736221021621105,1973.0,0.6376858435681965,60,6.362068965517241,2,node_revival,11
decentralized_greedy,0.3,616465,14,10,400,2794,0.6360057265569077,4.4425,15.187163695448707,25.162133625262015,3271.0,0.6479793977812995,47,0.15217391304347827,0,node_revival,12
decentralized_greedy,0.3,27955,14,10,400,2787,0.5177610333692142,3.6075,22.89423691462816,52.18486107880891,2909.0,0.6684283088235294,58,1.896551724137931,0,node_revival,13
decentralized_greedy,0.3,146513,14,10,400,2702,0.5307179866765359,3.585,13.515948786342365,24.100659270762048,2788.0,0.660350544765514,54,8.538461538461538,2,node_revival,14
decentralized_greedy,0.3,715335,14,10,400,2813,0.31603270529683614,2.2225,18.06838960905872,36.25392467619556,2040.0,0.696483441447593,60,4.683333333333334,0,node_revival,15
decentralized_greedy,0.3,945381,14,10,400,2752,0.657703488372093,4.525,13.862627649683912,24.143963548413964,3536.0,0.6614291058735503,51,0.803921568627451,0,node_revival,16
decentralized_greedy,0.3,578497,14,10,400,2815,0.14351687388987566,1.01,14.687935237559088,30.28471486454594,891.0,0.6880308880308881,67,4.417910447761194,0,node_revival,17
decentralized_greedy,0.3,303808,14,10,400,2846,0.36612789880534086,2.605,11.136110123572957,23.88678488490274,2319.0,0.6899732222552811,55,1.74,4,node_revival,18
decentralized_greedy,0.3,134096,14,10,400,2851,0.42195720799719394,3.0075,16.305854033195743,27.773497222178655,2389.0,0.6650890868596881,57,3.491228070175439,0,node_revival,19
decentralized_greedy,0.3,819045,14,10,400,2719,0.3990437660904744,2.7125,13.294211679399881,27.811437325783768,4800.0,0.8156329651656754,65,0.3076923076923077,0,shard_migration,0
decentralized_greedy,0.3,526363,14,10,400,2771,0.38108985925658606,2.64,14.145765837970684,29.675149494953764,4800.0,0.819672131147541,68,0.9104477611940298,1,shard_migration,1
decentralized_greedy,0.3,693818,14,10,400,2755,0.39056261343012705,2.69,14.622861083635932,31.510208873355076,4800.0,0.8168822328114363,65,0.4032258064516129,2,shard_migration,2
decentralized_greedy,0.3,64596,14,10,400,2836,0.3416784203102962,2.4225,13.742132433471989,29.74201578079415,4800.0,0.8320332813312532,60,0.5,0,shard_migration,3
decentralized_greedy,0.3,71950,14,10,400,2793,0.41568206229860366,2.9025,12.427871196085224,23.660683441518742,4800.0,0.8052340211373931,64,0.28125,0,shard_migration,4
decentralized_greedy,0.3,574358,14,10,400,2797,0.4554880228816589,3.185,14.717615270089691,27.850036047900744,4800.0,0.7902535396773132,59,0.19298245614035087,2,shard_migration,5
decentralized_greedy,0.3,869642,14,10,400,2781,0.43401654081265734,3.0175,12.203328629930608,24.28018290989843,4800.0,0.7990677542866655,63,0.047619047619047616,0,shard_migration,6
decentralized_greedy,0.3,182480,14,10,400,2777,0.34389629096146923,2.3875,12.527541845852276,29.12289694541289,4800.0,0.8340573414422241,61,3.0,1,shard_migration,7
decentralized_greedy,0.3,91166,14,10,400,2850,0.38421052631578945,2.7375,13.572920229505877,27.28921890828455,4800.0,0.8142493638676844,60,4.0,0,shard_migration,8
decentralized_greedy,0.3,400749,14,10,400,2776,0.3649135446685879,2.5325,12.099978822379434,24.85992637520908,4800.0,0.8257354206089799,56,7.375,0,shard_migration,9
decentralized_greedy,0.3,596677,14,10,400,2785,0.48617594254937163,3.385,13.587949238451428,25.600254896655088,4800.0,0.7799805004874878,45,0.0,0,shard_migration,10
decentralized_greedy,0.3,59577,14,10,400,2803,0.34213342846949696,2.3975,13.443114651814591,29.749562999228743,4800.0,0.8334780343809689,67,1.5737704918032787,6,shard_migration,11
decentralized_greedy,0.3,538962,14,10,400,2790,0.4344086021505376,3.03,14.148931768663742,27.477703078686254,4800.0,0.7984031936127745,59,2.2542372881355934,0,shard_migration,12
decentralized_greedy,0.3,219454,14,10,400,2817,0.3681221157259496,2.5925,10.019629958518859,21.66457844686848,4800.0,0.8223402432756552,63,0.38095238095238093,0,shard_migration,13
decentralized_greedy,0.3,925731,14,10,400,2728,0.37939882697947214,2.5875,14.10507077672796,30.512617486447347,4800.0,0.8226221079691517,64,2.3114754098360657,1,shard_migration,14
decentralized_greedy,0.3,803691,14,10,400,2812,0.44132290184921763,3.1025,14.975471843484405,30.98964381062744,4800.0,0.7945704353583843,59,3.3559322033898304,0,shard_migration,15
decentralized_greedy,0.3,567373,14,10,400,2800,0.4575,3.2025,15.169491347320168,35.12774439919677,4800.0,0.7893438579181056,51,3.94,1,shard_migration,16
decentralized_greedy,0.3,546340,14,10,400,2770,0.3418772563176895,2.3675,12.703357428292064,25.91268592593354,4800.0,0.8352183748042457,53,0.019230769230769232,1,shard_migration,17
decentralized_greedy,0.3,289966,14,10,400,2816,0.39488636363636365,2.78,13.755125710624013,30.558516679593204,4800.0,0.8119079837618404,60,0.7666666666666667,0,shard_migration,18
decentralized_greedy,0.3,642992,14,10,400,2787,0.5400071761750986,3.7625,15.24149543039798,31.650536984431003,4800.0,0.7613005551149881,42,3.0476190476190474,0,shard_migration,19
decentralized_greedy,0.3,107217,14,10,400,2912,0.9814560439560439,7.145,48.16410614250313,123.87054318457582,4800.0,0.6267955079655263,73,2.8,2,latency_shift,0
decentralized_greedy,0.3,573517,14,10,400,2816,0.9914772727272727,6.98,37.22658923063941,87.50357198786605,4800.0,0.6322444678609063,62,1.532258064516129,0,latency_shift,1
decentralized_greedy,0.3,656408,14,10,400,2810,0.9839857651245552,6.9125,72.32635610453755,180.8353022178283,4800.0,0.634500991407799,59,0.23529411764705882,8,latency_shift,2
decentralized_greedy,0.3,744820,14,10,400,2822,0.9879518072289156,6.97,82.56907529681949,215.8180390095367,4800.0,0.632577754348972,66,2.1311475409836067,5,latency_shift,3
decentralized_greedy,0.3,979359,14,10,400,2802,0.9903640256959315,6.9375,60.55142562255317,183.09109368098183,4800.0,0.6336633663366337,60,0.39285714285714285,4,latency_shift,4
decentralized_greedy,0.3,51306,14,10,400,2870,0.9898954703832753,7.1025,41.39463296293215,92.45712441034189,4800.0,0.6281900274833137,50,0.20408163265306123,1,latency_shift,5
decentralized_greedy,0.3,292568,14,10,400,2840,0.9890845070422535,7.0225,113.40753809446193,265.45574169605055,4800.0,0.6308319095807596,74,5.257142857142857,4,latency_shift,6
decentralized_greedy,0.3,38759,14,10,400,2780,0.987410071942446,6.8625,48.26301309437359,77.42527816586225,4800.0,0.6361829025844931,51,0.4666666666666667,6,latency_shift,7
decentralized_greedy,0.3,881194,14,10,400,2892,0.9844398340248963,7.1175,34.02507987680144,69.09341417691492,4800.0,0.6276971361318164,55,0.0,4,latency_shift,8
decentralized_greedy,0.3,435285,14,10,400,2814,0.9879175550817342,6.95,51.508069748460045,84.27145842499306,4800.0,0.633245382585752,56,1.2727272727272727,1,latency_shift,9
decentralized_greedy,0.3,711338,14,10,400,2865,0.9895287958115183,7.0875,41.94211935514497,91.79530858767751,4800.0,0.6286836935166994,65,0.5079365079365079,2,latency_shift,10
decentralized_greedy,0.3,828307,14,10,400,2772,0.9862914862914863,6.835,48.13345741176544,107.24145434319612,4800.0,0.637111760021237,58,0.4230769230769231,6,latency_shift,11
decentralized_greedy,0.3,297737,14,10,400,2624,0.984375,6.4575,40.78233308203208,95.80556622861205,4800.0,0.650142218610321,64,0.6949152542372882,4,latency_shift,12
decentralized_greedy,0.3,426040,14,10,400,2776,0.9895533141210374,6.8675,32.45650592547879,66.03973070362197,4800.0,0.6360143103219822,62,0.0847457627118644,3,latency_shift,13
decentralized_greedy,0.3,605967,14,10,400,2779,0.9895645915797049,6.875,33.07341921479633,73.13306864356554,4800.0,0.6357615894039735,61,1.8793103448275863,3,latency_shift,14
decentralized_greedy,0.3,501458,14,10,400,2768,0.9891618497109826,6.845,59.76626030593304,118.36145451372045,4800.0,0.6367736800212258,55,1.4081632653061225,6,latency_shift,15
decentralized_greedy,0.3,635205,14,10,400,2846,0.9894588896697118,7.04,33.281795859987646,96.15390820074788,4800.0,0.6302521008403361,63,0.5645161290322581,1,latency_shift,16
decentralized_greedy,0.3,196714,14,10,400,2843,0.9862820963770664,7.01,38.66256497079888,110.96797381148835,4800.0,0.631246712256707,61,0.08333333333333333,1,latency_shift,17
decentralized_greedy,0.3,103054,14,10,400,2833,0.9830568302153194,6.9625,103.0228213192328,354.81391381299767,4800.0,0.6328279499011207,79,1.7741935483870968,14,latency_shift,18
decentralized_greedy,0.3,290226,14,10,400,2823,0.9911441728657456,6.995,1324.9990345108235,2781.8186595804364,4800.0,0.631745196104238,71,3.7045454545454546,26,latency_shift,19
decentralized_greedy,0.3,37638,14,10,400,2813,0.9918236757909705,6.975,21.007588589909926,38.21088170660762,4800.0,0.6324110671936759,59,3.7735849056603774,5,workload_shift,0
decentralized_greedy,0.3,653091,14,10,400,2792,0.9838825214899714,6.8675,25.509931829162255,46.8640822457377,4800.0,0.6360143103219822,48,0.041666666666666664,0,workload_shift,1
decentralized_greedy,0.3,774503,14,10,400,2707,0.9837458441078685,6.6575,17.204105859043853,30.172597429875907,4800.0,0.6431729867345571,71,1.0289855072463767,2,workload_shift,2
decentralized_greedy,0.3,727186,14,10,400,2793,0.9867525957751522,6.89,14.701420846723611,28.276580749549115,4800.0,0.6352567496029645,59,0.7288135593220338,0,workload_shift,3
decentralized_greedy,0.3,199036,14,10,400,2897,0.9924059371763894,7.1875,18.746365399651037,31.920482041453045,4800.0,0.6254071661237784,62,0.0,1,workload_shift,4
decentralized_greedy,0.3,503332,14,10,400,2701,0.9892632358385783,6.68,23.757584663598447,41.10907747660989,4800.0,0.6423982869379015,38,0.0,0,workload_shift,5
decentralized_greedy,0.3,869100,14,10,400,2885,0.9871750433275563,7.12,16.489577344013455,32.46182362888374,4800.0,0.6276150627615062,43,4.976744186046512,0,workload_shift,6
decentralized_greedy,0.3,997549,14,10,400,2785,0.9877917414721723,6.8775,19.662704878613624,32.748575777059,4800.0,0.6356773937226857,68,0.0,0,workload_shift,7
decentralized_greedy,0.3,185163,14,10,400,2798,0.9899928520371694,6.925,20.561097769382656,35.000325958665115,4800.0,0.6340819022457067,78,0.2,3,workload_shift,8
decentralized_greedy,0.3,353870,14,10,400,2868,0.9884937238493724,7.0875,17.85247865007611,29.36635979454442,4800.0,0.6286836935166994,57,1.2777777777777777,3,workload_shift,9
decentralized_greedy,0.3,795012,14,10,400,2882,0.9899375433726578,7.1325,26.203811878446828,47.44797387672516,4800.0,0.6272050176401411,61,0.0,3,workload_shift,10
decentralized_greedy,0.3,428305,14,10,400,2906,0.9879559532002753,7.1775,17.616713404914545,29.43203323390305,4800.0,0.6257332811888933,59,0.3559322033898305,0,workload_shift,11
decentralized_greedy,0.3,138393,14,10,400,2894,0.9882515549412578,7.15,22.803185467607236,36.976382196013205,4800.0,0.6266318537859008,71,0.0,0,workload_shift,12
decentralized_greedy,0.3,16624,14,10,400,2829,0.9883351007423118,6.99,17.920232603971606,32.111746534948836,4800.0,0.631911532385466,59,0.8448275862068966,1,workload_shift,13
decentralized_greedy,0.3,656164,14,10,400,2783,0.9852676967301474,6.855,21.218194254672873,41.34087795097925,4800.0,0.6364359586316627,55,0.16666666666666666,0,workload_shift,14
decentralized_greedy,0.3,188823,14,10,400,2886,0.9726264726264726,7.0175,20.02664259815478,33.77224008833455,4800.0,0.6309977652162482,54,0.0,3,workload_shift,15
decentralized_greedy,0.3,720726,14,10,400,2898,0.994824016563147,7.2075,18.675277089430644,32.15416922975487,4800.0,0.6247559547051933,61,0.0,2,workload_shift,16
decentralized_greedy,0.3,302937,14,10,400,2698,0.9833209785025945,6.6325,18.77912903286696,33.46704779677615,4800.0,0.6440359586743594,85,0.3764705882352941,0,workload_shift,17
decentralized_greedy,0.3,674465,14,10,400,2691,0.987736900780379,6.645,28.994880151196124,45.71469663197631,4800.0,0.6436041834271923,57,0.08771929824561403,0,workload_shift,18
decentralized_greedy,0.3,694770,14,10,400,2721,0.9908122013965454,6.74,24.25871801170317,40.17286069186545,4800.0,0.6403415154749199,48,0.0,0,workload_shift,19
antsql,0.2,163232,14,10,400,2848,0.46383426966292135,3.3025,27.81859792185212,57.072203496555325,477.0,0.26529477196885426,35,0.4,0,node_death,0
antsql,0.2,925053,14,10,400,2811,0.2760583422269655,1.94,34.48617590013877,73.79207674970874,420.0,0.3511705685618729,37,2.4864864864864864,0,node_death,1
antsql,0.2,432650,14,10,400,2750,0.5436363636363636,3.7375,29.659151985190565,62.50563526420443,461.0,0.23568507157464214,37,1.7222222222222223,1,node_death,2
antsql,0.2,509896,14,10,400,2723,0.5383767903048109,3.665,29.756280921634616,65.60339819926064,526.0,0.2640562248995984,34,0.5151515151515151,1,node_death,3
antsql,0.2,486778,14,10,400,2798,0.2526804860614725,1.7675,29.58060165281483,67.36139029431955,385.0,0.3525641025641026,41,5.487804878048781,0,node_death,4
antsql,0.2,94012,14,10,400,2775,0.3293693693693694,2.285,27.447256320806073,58.77363901090331,289.0,0.24023275145469658,40,2.975,0,node_death,5
antsql,0.2,283517,14,10,400,2852,0.5610098176718092,4.0,27.671655823952932,54.017898718997316,613.0,0.27699954812471755,39,1.4615384615384615,0,node_death,6
antsql,0.2,773623,14,10,400,2789,0.24740050197203298,1.725,28.164913082259485,63.75407014272592,234.0,0.2532467532467532,32,2.7,2,node_death,7
antsql,0.2,137367,14,10,400,2866,0.10676901605024425,0.765,22.33636346819403,54.684078783509975,167.0,0.35306553911205074,39,0.8974358974358975,0,node_death,8
antsql,0.2,393875,14,10,400,2716,0.7628865979381443,5.18,28.439669930232814,59.01759880096129,716.0,0.2568149210903874,35,1.6,0,node_death,9
antsql,0.2,493488,14,10,400,2801,0.3341663691538736,2.34,24.080584558368354,57.72405312603878,509.0,0.3522491349480969,41,3.5853658536585367,0,node_death,10
antsql,0.2,812428,14,10,400,2810,0.11708185053380783,0.8225,25.949756606037827,55.733994327781176,144.0,0.3044397463002114,38,1.3142857142857143,3,node_death,11
antsql,0.2,960025,14,10,400,2864,0.6480446927374302,4.64,19.181981030076308,38.18810873435917,641.0,0.2567080496595915,33,2.272727272727273,0,node_death,12
antsql,0.2,624810,14,10,400,2778,0.3254139668826494,2.26,33.148162366859324,72.22681524584968,435.0,0.32486930545182974,37,0.3235294117647059,3,node_death,13
antsql,0.2,842682,14,10,400,2754,0.7331154684095861,5.0475,24.089474893044198,49.45601682140658,690.0,0.2547065337763012,35,0.37142857142857144,0,node_death,14
antsql,0.2,674394,14,10,400,2762,0.6777697320782042,4.68,33.69388091335447,69.23324472319942,670.0,0.26357199055861524,38,0.5,0,node_death,15
antsql,0.2,390732,14,10,400,2747,0.5817255187477248,3.995,34.464337104162865,71.87269622986503,568.0,0.26223453370267774,44,2.0454545454545454,0,node_death,16
antsql,0.2,839037,14,10,400,2915,0.5492281303602058,4.0025,35.81518372706134,73.45746645256885,554.0,0.25707656612529,32,0.12903225806451613,1,node_death,17
antsql,0.2,794622,14,10,400,2814,0.515636105188344,3.6275,21.5037939554059,45.27949886146241,526.0,0.26605968639352556,49,1.0625,1,node_death,18
antsql,0.2,628744,14,10,400,2722,0.6587068332108743,4.4825,27.21598859402565,52.88282762101703,662.0,0.26965376782077394,44,0.29545454545454547,0,node_death,19
antsql,0.2,551868,14,10,400,2806,0.7886671418389166,5.5325,36.958717836682276,75.3035317032894,700.0,0.2403020940611054,31,0.0,0,node_revival,0
antsql,0.2,525323,14,10,400,2759,0.6542225444001449,4.5125,23.571780024719374,55.38651586831266,784.0,0.30281962147547314,32,0.0,1,node_revival,1
antsql,0.2,712886,14,10,400,2828,0.6071428571428571,4.2925,21.51710810394329,44.02684602233515,555.0,0.2442781690140845,41,1.3902439024390243,0,node_revival,2
antsql,0.2,926252,14,10,400,2925,0.3548717948717949,2.595,24.236783254309437,54.21658017181721,468.0,0.3107569721115538,42,3.1219512195121952,1,node_revival,3
antsql,0.2,126698,14,10,400,2806,0.30933713471133284,2.17,21.35196421633201,50.713169563685305,345.0,0.28441879637262985,44,2.0681818181818183,0,node_revival,4
antsql,0.2,49410,14,10,400,2771,0.3060267051605918,2.12,30.92117884137176,61.771552572303385,445.0,0.34416086620262953,42,0.42857142857142855,0,node_revival,5
antsql,0.2,402539,14,10,400,2814,0.5220326936744847,3.6725,23.650111216105156,51.456497615546674,751.0,0.3382882882882883,45,2.9302325581395348,1,node_revival,6
antsql,0.2,757174,14,10,400,2706,0.2302291204730229,1.5575,23.213260024167965,52.029607719852194,491.0,0.440754039497307,47,4.446808510638298,0,node_revival,7
antsql,0.2,796744,14,10,400,2814,0.6311300639658849,4.44,22.15802732893818,48.388189206317755,529.0,0.22950108459869847,32,0.06666666666666667,2,node_revival,8
antsql,0.2,523353,14,10,400,2799,0.7938549481957842,5.555,25.849318471970683,54.36463452316068,668.0,0.23114186851211072,24,0.0,0,node_revival,9
antsql,0.2,95781,14,10,400,2941,0.6732403944236655,4.95,26.087104182357113,52.40371197157416,629.0,0.24108853967037178,35,1.1142857142857143,0,node_revival,10
antsql,0.2,305475,14,10,400,2767,0.540296349837369,3.7375,21.310911376263938,45.50534137528831,545.0,0.26715686274509803,45,1.1627906976744187,2,node_revival,11
antsql,0.2,538878,14,10,400,2723,0.7609254498714653,5.18,32.75084321628095,67.07472822656912,725.0,0.2592062924562031,41,0.025,0,node_revival,12
antsql,0.2,892349,14,10,400,2771,0.3128834355828221,2.1675,23.848906045769475,49.35994427552981,456.0,0.34467120181405897,51,3.607843137254902,0,node_revival,13
antsql,0.2,417877,14,10,400,2749,0.4096034921789742,2.815,19.00308427764183,43.42966106600561,537.0,0.32291040288635,36,5.0,0,node_revival,14
antsql,0.2,958555,14,10,400,2782,0.5003594536304816,3.48,37.88843612099517,72.01251815497145,578.0,0.2934010152284264,43,0.5581395348837209,0,node_revival,15
antsql,0.2,268951,14,10,400,2810,0.24341637010676156,1.71,29.530007557539207,60.30282564272822,341.0,0.3326829268292683,32,4.580645161290323,1,node_revival,16
antsql,0.2,762272,14,10,400,2787,0.47434517402224613,3.305,25.714088810344634,58.797862409285216,614.0,0.31714876033057854,40,5.555555555555555,3,node_revival,17
antsql,0.2,169054,14,10,400,2783,0.7233201581027668,5.0325,26.379533233771927,55.24478010394441,821.0,0.28969654199011996,39,5.897435897435898,0,node_revival,18
antsql,0.2,698041,14,10,400,2818,0.13591199432221435,0.9575,31.187049594283824,79.85355621867568,239.0,0.3842443729903537,45,2.7209302325581395,2,node_revival,19
antsql,0.2,140428,14,10,400,2836,0.8508462623413258,6.0325,47.379612582240206,101.80299766194761,745.0,0.23590880303989867,43,0.18604651162790697,0,shard_migration,0
antsql,0.2,310313,14,10,400,2905,0.8499139414802065,6.1725,30.163209561087957,65.31880719301249,918.0,0.271036315323295,36,5.277777777777778,0,shard_migration,1
antsql,0.2,35868,14,10,400,2687,0.9121697059918125,6.1275,43.33048962135384,88.74127191395723,963.0,0.2820738137082601,36,0.05555555555555555,0,shard_migration,2
antsql,0.2,17212,14,10,400,2874,0.8921363952679193,6.41,43.39001976450504,84.54939983509188,1022.0,0.2849972113775795,40,0.0,0,shard_migration,3
antsql,0.2,161783,14,10,400,2719,0.9065833026848106,6.1625,47.106912109596166,100.64019692419234,1101.0,0.30874929893438025,46,0.021739130434782608,0,shard_migration,4
antsql,0.2,78791,14,10,400,2847,0.9476642079381805,6.745,37.085531836036886,75.27065509412348,938.0,0.25797579757975797,40,0.0,1,shard_migration,5
antsql,0.2,528173,14,10,400,2786,0.9676956209619526,6.74,46.7343907924017,89.71147013270371,1059.0,0.2820239680426099,39,1.1794871794871795,0,shard_migration,6
antsql,0.2,812476,14,10,400,2852,0.9077840112201964,6.4725,39.28462930263259,86.23529038563065,978.0,0.27417998317914216,28,0.0,0,shard_migration,7
antsql,0.2,108463,14,10,400,2840,0.9591549295774648,6.81,45.79758284690335,106.33321504509536,833.0,0.23418611189204386,44,0.1590909090909091,0,shard_migration,8
antsql,0.2,268511,14,10,400,2797,0.9560243117626028,6.685,30.942735016481265,69.25091067296187,952.0,0.2625482625482625,43,0.023255813953488372,0,shard_migration,9
antsql,0.2,302688,14,10,400,2813,0.9395662993245645,6.6075,39.21787822797148,83.74379242371757,913.0,0.2567491563554556,41,0.0,0,shard_migration,10
antsql,0.2,785415,14,10,400,2776,0.957492795389049,6.645,44.79512992871623,92.10937106065222,1176.0,0.30672926447574334,39,0.0,0,shard_migration,11
antsql,0.2,589504,14,10,400,2756,0.9034833091436865,6.225,48.507763811922,105.80800764779022,1003.0,0.2871457200114515,37,0.0,0,shard_migration,12
antsql,0.2,317026,14,10,400,2816,0.9609375,6.765,56.09374092909941,114.20991910602822,969.0,0.2636734693877551,46,0.0,0,shard_migration,13
antsql,0.2,556526,14,10,400,2867,0.9068712940355773,6.5,28.857246121983447,56.745496123114556,993.0,0.2763707208460896,44,0.20930232558139536,0,shard_migration,14
antsql,0.2,840551,14,10,400,2811,0.9480611881892564,6.6625,30.405179825138763,59.65819553256519,949.0,0.26258992805755393,42,0.40476190476190477,0,shard_migration,15
antsql,0.2,685643,14,10,400,2851,0.9652753419852683,6.88,41.586904450328895,97.53388079431272,866.0,0.23935876174682144,38,0.0,0,shard_migration,16
antsql,0.2,846494,14,10,400,2770,0.9588447653429603,6.64,43.74700548641342,95.1641098434477,928.0,0.25892857142857145,42,0.0,0,shard_migration,17
antsql,0.2,900128,14,10,400,2849,0.9515619515619516,6.7775,48.59027613333003,100.9155311409889,1029.0,0.2751336898395722,39,0.0,0,shard_migration,18
antsql,0.2,200374,14,10,400,2807,0.9440684004275026,6.625,44.77204286268883,95.93921490079481,988.0,0.2715777899945025,34,0.0,0,shard_migration,19
antsql,0.2,920938,14,10,400,2742,0.9985412107950401,6.845,58.70597409191352,119.67402176822664,917.0,0.2508891928864569,35,0.42857142857142855,0,latency_shift,0
antsql,0.2,278461,14,10,400,2865,0.9975567190226876,7.145,74.91362097604942,155.82802283476246,960.0,0.25144054478784705,46,0.0,0,latency_shift,1
antsql,0.2,329604,14,10,400,2729,0.9992671308171491,6.8175,32.259490489673844,71.59792831120593,931.0,0.254510661563696,31,0.06451612903225806,0,latency_shift,2
antsql,0.2,445714,14,10,400,2851,0.990529638723255,7.06,94.5238191404134,159.2083727613462,811.0,0.22310866574965613,36,0.41935483870967744,4,latency_shift,3
antsql,0.2,645188,14,10,400,2848,0.9929775280898876,7.07,33.20508729733922,74.63418410444534,804.0,0.22136563876651982,35,0.08571428571428572,0,latency_shift,4
antsql,0.2,253977,14,10,400,2823,0.9854764434998229,6.955,54.942544215462824,117.10263215272182,854.0,0.23487348734873487,34,0.5588235294117647,0,latency_shift,5
antsql,0.2,768600,14,10,400,2828,0.9936350777934936,7.025,47.20415720318188,100.49838774306467,873.0,0.23703502579418953,42,0.07142857142857142,0,latency_shift,6
antsql,0.2,659941,14,10,400,2763,0.9981903727832067,6.895,47.61862756831396,101.56861068023098,890.0,0.24396929824561403,33,0.0,0,latency_shift,7
antsql,0.2,798171,14,10,400,2758,0.9963741841914431,6.87,63.836693035569986,165.04654578972188,910.0,0.24876981957353744,33,0.42424242424242425,0,latency_shift,8
antsql,0.2,151569,14,10,400,2895,0.9958549222797928,7.2075,83.48351851376347,211.19456457358464,845.0,0.22666309012875535,43,0.16279069767441862,0,latency_shift,9
antsql,0.2,125217,14,10,400,2795,0.9978533094812164,6.9725,35.54903433394447,81.13472848226466,789.0,0.22051425377305758,48,0.0,0,latency_shift,10
antsql,0.2,354408,14,10,400,2808,0.9861111111111112,6.9225,51.878038279413445,119.04874855045288,768.0,0.2171331636980492,36,0.0,0,latency_shift,11
antsql,0.2,209804,14,10,400,2846,0.9954321855235418,7.0825,88.4159563273083,218.83828145752364,910.0,0.24312049158429067,42,0.3333333333333333,0,latency_shift,12
antsql,0.2,327290,14,10,400,2823,0.997874601487779,7.0425,50.13063625966614,110.25024281155292,815.0,0.2243942731277533,40,0.125,0,latency_shift,13
antsql,0.2,459521,14,10,400,2778,0.9971202303815695,6.925,39.231534945517716,80.58197906627248,943.0,0.25397252895232963,40,0.05,0,latency_shift,14
antsql,0.2,182668,14,10,400,2732,0.9886530014641288,6.7525,41.261062653023274,84.37946586393105,751.0,0.21755504055619931,29,0.06896551724137931,0,latency_shift,15
antsql,0.2,683349,14,10,400,2719,0.9963221772710555,6.7725,31.444812158134347,66.78993183554702,817.0,0.23170731707317074,27,0.0,0,latency_shift,16
antsql,0.2,728064,14,10,400,2768,0.9981936416184971,6.9075,43.89747270263763,100.28545234077542,714.0,0.20534943917169973,42,0.0,0,latency_shift,17
antsql,0.2,134560,14,10,400,2900,0.9927586206896551,7.1975,45.941561703294,90.19194479415313,769.0,0.21080043859649122,42,0.4523809523809524,0,latency_shift,18
antsql,0.2,287531,14,10,400,2801,0.9978579078900393,6.9875,70.94129175122585,159.8379648719371,957.0,0.2550639658848614,43,0.27906976744186046,0,latency_shift,19
antsql,0.2,167047,14,10,400,2790,0.9974910394265233,6.9575,25.385583533418906,49.312562784149236,930.0,0.2504713169943442,35,0.2,0,workload_shift,0
antsql,0.2,708307,14,10,400,2808,0.9989316239316239,7.0125,36.870469124895784,67.44184558204599,865.0,0.2356948228882834,44,0.18181818181818182,0,workload_shift,1
antsql,0.2,969587,14,10,400,2801,0.9960728311317386,6.975,42.71681441317751,82.9876386825816,801.0,0.22305764411027568,33,0.0,0,workload_shift,2
antsql,0.2,625089,14,10,400,2850,0.9989473684210526,7.1175,31.375718223232937,62.032496856605235,862.0,0.2324076570504179,40,0.5384615384615384,0,workload_shift,3
antsql,0.2,511097,14,10,400,2803,0.998572957545487,6.9975,28.09292518128937,58.843271178681206,774.0,0.21662468513853905,40,0.23076923076923078,1,workload_shift,4
antsql,0.2,679985,14,10,400,2765,0.9963833634719711,6.8875,30.56748572602149,63.749189690328066,782.0,0.22109132032796155,34,0.0,0,workload_shift,5
antsql,0.2,600764,14,10,400,2738,0.9974433893352812,6.8275,30.261395030135713,57.20541966323611,869.0,0.24138888888888888,29,0.0,0,workload_shift,6
antsql,0.2,770951,14,10,400,2789,0.9992828970957333,6.9675,19.802008637986713,40.671739267648306,878.0,0.23956343792633014,37,0.0,0,workload_shift,7
antsql,0.2,769568,14,10,400,2765,0.9985533453887884,6.9025,42.56007303072577,84.77116336664409,814.0,0.2276923076923077,33,0.0,0,workload_shift,8
antsql,0.2,700627,14,10,400,2830,0.9957597173144876,7.045,27.68852768167648,62.37377409176983,830.0,0.2275219298245614,39,0.18421052631578946,0,workload_shift,9
antsql,0.2,442169,14,10,400,2855,0.9978984238178634,7.1225,31.187195962464695,62.77320203397869,898.0,0.23965839338137176,39,1.794871794871795,0,workload_shift,10
antsql,0.2,562288,14,10,400,2831,0.9922288943836101,7.0225,41.13686672814609,84.4963696718255,953.0,0.2533227006911217,50,0.0,0,workload_shift,11
antsql,0.2,763211,14,10,400,2735,0.9923217550274223,6.785,34.64183577990753,66.89336001134008,1004.0,0.27003765465303925,34,0.0,0,workload_shift,12
antsql,0.2,973287,14,10,400,2763,0.9963807455664133,6.8825,26.954274671724615,54.60784926973169,641.0,0.18886269888037713,38,0.02631578947368421,0,workload_shift,13
antsql,0.2,946000,14,10,400,2715,0.990791896869245,6.725,32.511270398760445,67.7354103004153,779.0,0.22456039204381667,40,0.0,0,workload_shift,14
antsql,0.2,596376,14,10,400,2789,0.9992828970957333,6.9675,38.3977855862505,77.46115145523687,845.0,0.23265418502202642,44,0.3181818181818182,0,workload_shift,15
antsql,0.2,222196,14,10,400,2852,0.9856241234221599,7.0275,35.09696719272783,68.27676470180651,785.0,0.21829810901001112,42,0.0,0,workload_shift,16
antsql,0.2,108066,14,10,400,2839,0.9975343430785488,7.08,37.726905665402406,73.82288218674428,924.0,0.24600638977635783,51,0.0,0,workload_shift,17
antsql,0.2,914702,14,10,400,2824,0.9975212464589235,7.0425,22.645564068523473,46.57655455660107,853.0,0.232425068119891,49,0.04081632653061224,0,workload_shift,18
antsql,0.2,934649,14,10,400,2801,0.985362370581935,6.9,33.59965989859183,73.57046746947687,959.0,0.2578650174778166,43,0.2558139534883721,0,workload_shift,19
antsql,0.3,606721,14,10,400,2756,0.7529027576197388,5.1875,27.03676556079457,53.042476778374684,718.0,0.2570712495524526,60,0.48333333333333334,0,node_death,0
antsql,0.3,291198,14,10,400,2825,0.7164601769911504,5.06,24.923853513253604,49.050930176184565,732.0,0.2656023222060958,58,0.17543859649122806,0,node_death,1
antsql,0.3,318499,14,10,400,2731,0.5547418528011717,3.7875,24.457166458188595,50.79038525790108,393.0,0.2059748427672956,53,0.33962264150943394,0,node_death,2
antsql,0.3,247559,14,10,400,2844,0.24120956399437413,1.715,22.00296678328727,47.34220414005775,257.0,0.2725344644750795,61,1.1639344262295082,0,node_death,3
antsql,0.3,476059,14,10,400,2814,0.48081023454157784,3.3825,28.689712343705388,59.76439089749494,402.0,0.22905982905982905,50,3.061224489795918,1,node_death,4
antsql,0.3,427956,14,10,400,2731,0.2486268766019773,1.6975,24.902150838120946,54.9954495163957,342.0,0.33496571988246815,65,2.65625,1,node_death,5
antsql,0.3,900974,14,10,400,2814,0.515636105188344,3.6275,23.49909807944945,49.12267613768951,547.0,0.27377377377377377,61,0.8688524590163934,0,node_death,6
antsql,0.3,798663,14,10,400,2698,0.6148999258710156,4.1475,32.699347889884756,70.58681893772925,672.0,0.2882882882882883,60,0.5833333333333334,0,node_death,7
antsql,0.3,477035,14,10,400,2812,0.6657183499288762,4.68,27.355632705059623,56.10107072700239,578.0,0.23591836734693877,43,1.8333333333333333,0,node_death,8
antsql,0.3,199459,14,10,400,2811,0.5933831376734259,4.17,27.138746352919092,57.503679817804525,673.0,0.28748398120461344,55,1.037037037037037,1,node_death,9
antsql,0.3,656971,14,10,400,2797,0.5445119771183411,3.8075,17.282971028720894,37.043420701320535,494.0,0.2449181953396133,58,1.6206896551724137,0,node_death,10
antsql,0.3,996884,14,10,400,2822,0.4560595322466336,3.2175,21.581707429771484,49.34188557615474,484.0,0.2732919254658385,57,0.8421052631578947,0,node_death,11
antsql,0.3,357868,14,10,400,2793,0.586108127461511,4.0925,28.09179039540588,60.04504108590763,561.0,0.2552320291173794,59,0.2982456140350877,2,node_death,12
antsql,0.3,826755,14,10,400,2789,0.3858013624955181,2.69,28.385777504369553,59.70662035756831,462.0,0.30039011703511054,69,0.7230769230769231,4,node_death,13
antsql,0.3,765911,14,10,400,2831,0.5188979159307665,3.6725,31.205297172362016,65.43238574573984,464.0,0.24004138644593895,58,2.1538461538461537,5,node_death,14
antsql,0.3,741734,14,10,400,2725,0.6300917431192661,4.2925,38.71043412893188,79.7577653138745,622.0,0.2659256092347157,54,1.4528301886792452,0,node_death,15
antsql,0.3,645210,14,10,400,2851,0.4240617327253595,3.0225,31.030774947826785,70.93395290578866,587.0,0.32683741648106907,53,3.6226415094339623,0,node_death,16
antsql,0.3,662169,14,10,400,2792,0.3943409742120344,2.7525,26.8960225199169,52.755382905900696,427.0,0.27945026178010474,54,2.30188679245283,1,node_death,17
antsql,0.3,917957,14,10,400,2828,0.5445544554455446,3.85,21.433566077966642,42.43505774947559,660.0,0.3,58,0.5689655172413793,0,node_death,18
antsql,0.3,34022,14,10,400,2807,0.6669041681510509,4.68,24.164832059450195,47.90970243409335,669.0,0.2632821723730815,55,0.0625,6,node_death,19
antsql,0.3,763840,14,10,400,2773,0.1723764875586008,1.195,21.499638390804552,58.08782679859088,319.0,0.4002509410288582,67,1.5820895522388059,0,node_revival,0
antsql,0.3,291020,14,10,400,2730,0.24285714285714285,1.6575,19.97196370119489,44.266765702862834,409.0,0.38152985074626866,48,1.25,0,node_revival,1
antsql,0.3,724407,14,10,400,2812,0.5170697012802276,3.635,24.534624929352518,49.224918447938315,491.0,0.25244215938303344,68,2.235294117647059,0,node_revival,2
antsql,0.3,335484,14,10,400,2846,0.40653548840477866,2.8925,41.47417242772966,88.09392948116881,448.0,0.2791277258566978,63,0.19672131147540983,2,node_revival,3
antsql,0.3,696337,14,10,400,2740,0.39854014598540144,2.73,24.37505783971442,49.83542476198898,431.0,0.2829940906106369,55,0.45454545454545453,0,node_revival,4
antsql,0.3,132819,14,10,400,2838,0.5345313601127555,3.7925,24.464638007751933,50.545555799828655,517.0,0.25417895771878074,45,5.454545454545454,1,node_revival,5
antsql,0.3,912,14,10,400,2705,0.17301293900184844,1.17,29.414360860185734,59.32477579540779,313.0,0.4007682458386684,55,0.09433962264150944,2,node_revival,6
antsql,0.3,377664,14,10,400,2854,0.34863349684653117,2.4875,22.076914159552665,50.03841979148922,423.0,0.29830747531734836,62,1.2037037037037037,8,node_revival,7
antsql,0.3,9373,14,10,400,2832,0.5896892655367232,4.175,22.75859803956949,48.48570895985531,531.0,0.2412539754656974,62,2.3442622950819674,1,node_revival,8
antsql,0.3,91795,14,10,400,2705,0.3020332717190388,2.0425,20.403316259890456,44.261758496413336,328.0,0.28646288209606985,68,3.216666666666667,7,node_revival,9
antsql,0.3,211784,14,10,400,2762,0.5054308472121651,3.49,32.57067831915164,65.57555681005105,485.0,0.2578415736310473,65,3.1384615384615384,0,node_revival,10
antsql,0.3,192698,14,10,400,2850,0.5168421052631579,3.6825,29.735615359315165,65.54447474799227,522.0,0.26165413533834586,58,2.1272727272727274,2,node_revival,11
antsql,0.3,56772,14,10,400,2762,0.49384503982621286,3.41,33.14365433718366,73.69739468159162,392.0,0.22323462414578588,53,2.26,3,node_revival,12
antsql,0.3,195035,14,10,400,2743,0.46263215457528256,3.1725,22.230440356481214,46.764425894072644,433.0,0.25440658049353704,50,3.7916666666666665,2,node_revival,13
antsql,0.3,63988,14,10,400,2730,0.3578754578754579,2.4425,23.151946643403797,48.171681850043925,420.0,0.3006442376521117,66,1.3125,2,node_revival,14
antsql,0.3,838303,14,10,400,2863,0.855047153335662,6.12,29.386743513059354,59.43071634131455,789.0,0.24374420759962928,45,0.0,0,node_revival,15
antsql,0.3,804332,14,10,400,2881,0.19402985074626866,1.3975,21.998421049479305,55.890426822558624,349.0,0.3843612334801762,74,4.702702702702703,0,node_revival,16
antsql,0.3,262884,14,10,400,2883,0.5237599722511272,3.775,26.76559034776527,58.296118927403825,591.0,0.28129462160875773,64,1.0625,0,node_revival,17
antsql,0.3,77942,14,10,400,2848,0.5256320224719101,3.7425,20.64443090624925,40.33530149352677,665.0,0.3075855689176688,64,1.0317460317460319,0,node_revival,18
antsql,0.3,241773,14,10,400,2766,0.12147505422993492,0.84,26.466739952392118,74.33191953656828,208.0,0.38235294117647056,63,3.7580645161290325,1,node_revival,19
antsql,0.3,493121,14,10,400,2781,0.9083063646170443,6.315,51.2086956091332,104.12443539089178,1140.0,0.3109656301145663,64,0.0,0,shard_migration,0
antsql,0.3,88225,14,10,400,2746,0.956300072833212,6.565,44.58019139154148,92.42223106732818,1122.0,0.29935965848452506,51,0.42,0,shard_migration,1
antsql,0.3,647433,14,10,400,2710,0.933579335793358,6.325,41.972297504909136,84.23732413502958,1207.0,0.32298635268932296,56,0.017857142857142856,0,shard_migration,2
antsql,0.3,657801,14,10,400,2808,0.8703703703703703,6.11,37.86697031546453,82.45603023071958,1017.0,0.2938457093325628,49,0.0,0,shard_migration,3
antsql,0.3,724963,14,10,400,2743,0.9278162595698141,6.3625,39.909017415886986,83.6920639120337,1114.0,0.3044547690625854,45,0.022222222222222223,0,shard_migration,4
antsql,0.3,21134,14,10,400,2733,0.9304793267471643,6.3575,32.94062009745507,69.07282985171295,1109.0,0.30366922234392113,58,0.0,0,shard_migration,5
antsql,0.3,720459,14,10,400,2869,0.9149529452771,6.5625,42.80772404095874,83.68040410538214,1031.0,0.28200218818380746,53,0.0,0,shard_migration,6
antsql,0.3,178214,14,10,400,2883,0.9223031564342699,6.6475,49.14202822827808,101.2832929565146,1035.0,0.28018408229561453,59,0.01694915254237288,0,shard_migration,7
antsql,0.3,569105,14,10,400,2861,0.8944425026214611,6.3975,40.58145235150507,86.77487717565639,1146.0,0.30931174089068825,75,0.06756756756756757,1,shard_migration,8
antsql,0.3,520144,14,10,400,2814,0.7963752665245203,5.6025,39.851881425192246,86.83903003275174,1123.0,0.3338287752675386,56,0.0,0,shard_migration,9
antsql,0.3,239240,14,10,400,2770,0.9339350180505415,6.4675,50.28985527302651,102.32304301871949,1026.0,0.2839745363963465,57,0.0,0,shard_migration,10
antsql,0.3,538883,14,10,400,2780,0.8611510791366906,5.985,46.18515281407824,91.22208860112993,1182.0,0.33053691275167785,55,0.0,0,shard_migration,11
antsql,0.3,283141,14,10,400,2824,0.9490084985835694,6.7,50.34021312987549,106.11515603330213,1106.0,0.29212889593238245,53,0.0,0,shard_migration,12
antsql,0.3,545845,14,10,400,2846,0.9595924104005622,6.8275,54.74467636518293,109.8052021372503,1042.0,0.2761728067850517,62,4.590163934426229,0,shard_migration,13
antsql,0.3,320227,14,10,400,2842,0.916256157635468,6.51,50.891085724323766,107.28874996449376,1102.0,0.29735563950350785,64,0.0,0,shard_migration,14
antsql,0.3,418361,14,10,400,2791,0.8204944464349695,5.725,44.80724548485009,95.22333240930512,1195.0,0.3428981348637016,50,0.8,0,shard_migration,15
antsql,0.3,787595,14,10,400,2828,0.8741159830268741,6.18,50.80825914146648,97.08604934948019,1061.0,0.3003113501273705,58,0.06896551724137931,0,shard_migration,16
antsql,0.3,195787,14,10,400,2785,0.9658886894075404,6.725,36.92899430932782,74.40565361555785,1093.0,0.288924134284959,62,2.2903225806451615,0,shard_migration,17
antsql,0.3,683561,14,10,400,2718,0.9220014716703459,6.265,42.27280260463516,87.53460959720987,1231.0,0.3294086165373294,54,0.0,0,shard_migration,18
antsql,0.3,485397,14,10,400,2641,0.9541840212040894,6.3,36.066182842405,73.30320902043442,1062.0,0.2964824120603015,62,0.04838709677419355,0,shard_migration,19
antsql,0.3,641040,14,10,400,2795,0.9996422182468694,6.985,52.82804595706503,117.8587050688663,931.0,0.24993288590604026,53,1.0769230769230769,1,latency_shift,0
antsql,0.3,369580,14,10,400,2780,0.9931654676258993,6.9025,88.66530936306172,211.72267943523386,956.0,0.257196663976325,63,0.24193548387096775,1,latency_shift,1
antsql,0.3,133953,14,10,400,2764,0.9989146164978292,6.9025,60.89900984485827,147.40969900856078,832.0,0.2315613693292513,58,3.3275862068965516,0,latency_shift,2
antsql,0.3,10847,14,10,400,2859,0.9636236446309898,6.8875,49.47569789868884,108.63201586740615,798.0,0.22459893048128343,55,0.8301886792452831,2,latency_shift,3
antsql,0.3,384455,14,10,400,2833,0.9929403459230498,7.0325,63.87365845021988,127.5580641431267,827.0,0.2271978021978022,64,0.47619047619047616,1,latency_shift,4
antsql,0.3,59380,14,10,400,2872,0.9860724233983287,7.08,59.43507073517697,112.71039839260543,882.0,0.23747980613893377,60,1.9166666666666667,0,latency_shift,5
antsql,0.3,888900,14,10,400,2818,0.9968062455642299,7.0225,51.353372685994024,100.54206471564956,812.0,0.22424744545705605,54,0.018518518518518517,0,latency_shift,6
antsql,0.3,649132,14,10,400,2769,0.9884434814012278,6.8425,71.68622456895278,167.70826357904392,806.0,0.22749082698278295,52,0.6730769230769231,0,latency_shift,7
antsql,0.3,858869,14,10,400,2754,0.9985475671750181,6.875,80.1887530459126,205.4638752446783,893.0,0.24512764205325283,62,0.4098360655737705,0,latency_shift,8
antsql,0.3,270981,14,10,400,2798,0.9910650464617584,6.9325,53.57253510649945,121.4003695062528,839.0,0.232281284606866,69,0.058823529411764705,0,latency_shift,9
antsql,0.3,317990,14,10,400,2912,0.9766483516483516,7.11,66.41126868351091,153.13944008453322,967.0,0.25373917606927315,72,1.619718309859155,1,latency_shift,10
antsql,0.3,324237,14,10,400,2748,0.9989082969432315,6.8625,97.02569938851484,219.74710957576983,787.0,0.22281993204983014,62,1.0,0,latency_shift,11
antsql,0.3,943391,14,10,400,2818,0.9957416607523066,7.015,82.97413242970629,207.45618769639978,937.0,0.2503339567192092,65,0.14754098360655737,4,latency_shift,12
antsql,0.3,501012,14,10,400,2773,0.998918139199423,6.925,59.278909271130246,128.780005904923,922.0,0.24972914409534128,65,2.3968253968253967,2,latency_shift,13
antsql,0.3,34328,14,10,400,2844,0.999648382559775,7.1075,74.36359303306463,183.6434707563658,863.0,0.2328656233135456,60,0.7166666666666667,0,latency_shift,14
antsql,0.3,723167,14,10,400,2768,0.9945809248554913,6.8825,67.92148618901227,142.4244042013678,795.0,0.22406989853438558,72,0.1388888888888889,0,latency_shift,15
antsql,0.3,999963,14,10,400,2776,0.9985590778097982,6.93,57.677469953046575,126.84008697006665,975.0,0.2602081665332266,56,0.125,0,latency_shift,16
antsql,0.3,730836,14,10,400,2707,0.9988917620982638,6.76,110.32658759587021,257.60498416742917,686.0,0.20235988200589972,68,3.7313432835820897,1,latency_shift,17
antsql,0.3,186440,14,10,400,2755,0.9970961887477314,6.8675,116.95582672597719,269.8920466264929,1103.0,0.28649350649350647,64,2.15,4,latency_shift,18
antsql,0.3,424675,14,10,400,2722,0.9930198383541513,6.7575,75.33071252329441,169.08358796101936,869.0,0.2432810750279955,57,0.8928571428571429,1,latency_shift,19
antsql,0.3,916562,14,10,400,2795,0.9252236135957066,6.465,43.26567806323135,82.98214954590787,1019.0,0.2826629680998613,69,0.2028985507246377,0,workload_shift,0
antsql,0.3,21953,14,10,400,2661,0.9962420142803458,6.6275,28.138228216194914,63.582960852512045,856.0,0.2440832620473339,67,1.0606060606060606,0,workload_shift,1
antsql,0.3,480243,14,10,400,2743,0.999270871308786,6.8525,32.192730295964715,63.2911009480236,958.0,0.2589889159232225,58,0.0,0,workload_shift,2
antsql,0.3,854959,14,10,400,2841,0.994368180218233,7.0625,28.88177580874845,54.639369477808785,896.0,0.24079548508465468,52,0.0,0,workload_shift,3
antsql,0.3,541154,14,10,400,2851,0.9971939670291126,7.1075,43.50565679275438,90.71549079454215,844.0,0.2289123949010035,59,0.3275862068965517,0,workload_shift,4
antsql,0.3,806104,14,10,400,2742,0.9970824215900802,6.835,31.365441345647504,57.681527908676124,778.0,0.2215261958997722,70,0.5714285714285714,0,workload_shift,5
antsql,0.3,825218,14,10,400,2943,0.9979612640163099,7.3425,35.4957962875228,65.73734964597179,890.0,0.23255813953488372,66,0.0,0,workload_shift,6
antsql,0.3,402031,14,10,400,2843,0.9954273654590221,7.075,37.38035305549281,72.33751511571919,983.0,0.25780225544190927,69,1.4202898550724639,0,workload_shift,7
antsql,0.3,548333,14,10,400,2713,0.9970512347954295,6.7625,19.03257223390905,39.85103018456418,672.0,0.19899318922120224,53,0.07547169811320754,0,workload_shift,8
antsql,0.3,99608,14,10,400,2728,0.999266862170088,6.815,17.980202634549386,37.8139890638395,785.0,0.22358302477926517,66,0.0,0,workload_shift,9
antsql,0.3,78517,14,10,400,2759,0.9891264951069227,6.8225,30.562069128204946,60.7905621233964,786.0,0.22361308677098152,59,0.0,0,workload_shift,10
antsql,0.3,961510,14,10,400,2815,0.9960923623445825,7.01,30.733952943592822,60.60414325833829,815.0,0.22520033158331032,54,0.037037037037037035,0,workload_shift,11
antsql,0.3,287059,14,10,400,2816,0.9985795454545454,7.03,36.63108752025395,70.0344256408348,887.0,0.23979453906461207,50,0.06,0,workload_shift,12
antsql,0.3,152248,14,10,400,2824,0.9946883852691218,7.0225,31.9239181866808,65.26315496013646,796.0,0.22080443828016644,65,1.5538461538461539,0,workload_shift,13
antsql,0.3,727960,14,10,400,2769,0.994221740700614,6.8825,29.014999612541075,60.906090927450066,948.0,0.25614698730072955,63,0.1111111111111111,0,workload_shift,14
antsql,0.3,550257,14,10,400,2803,0.9978594363182305,6.9925,20.62274213251742,50.201607265859195,769.0,0.21564778463264161,74,0.08108108108108109,0,workload_shift,15
antsql,0.3,175875,14,10,400,2797,0.9939220593493028,6.95,39.6314416711869,76.64043877063092,959.0,0.25648569136132654,71,0.0,0,workload_shift,16
antsql,0.3,47573,14,10,400,2782,0.9895758447160317,6.8825,30.92290780496612,60.24822210608483,775.0,0.21967120181405897,59,0.6379310344827587,0,workload_shift,17
antsql,0.3,345257,14,10,400,2756,0.9974600870827286,6.8725,33.441439842346256,69.63298578937176,838.0,0.23362141064956787,69,0.07246376811594203,0,workload_shift,18
antsql,0.3,743883,14,10,400,2743,0.998906306963179,6.85,34.92682787577536,69.57339339330308,1047.0,0.2764721415368365,58,0.22413793103448276,0,workload_shift,19
